date_key,date,year,quarter,month,month_name,week,day,day_name,is_weekend,month_year,day_of_year,week_of_month,is_month_start,is_month_end,is_quarter_start,is_quarter_end,month_short,quarter_number
20200101,2020-01-01,2020,Q1,1,January,1,1,Wednesday,False,Jan-2020,1,1,True,False,True,False,Jan,1
20200102,2020-01-02,2020,Q1,1,January,1,2,Thursday,False,Jan-2020,2,1,False,False,False,False,Jan,1
20200103,2020-01-03,2020,Q1,1,January,1,3,Friday,False,Jan-2020,3,1,False,False,False,False,Jan,1
20200104,2020-01-04,2020,Q1,1,January,1,4,Saturday,True,Jan-2020,4,1,False,False,False,False,Jan,1
20200105,2020-01-05,2020,Q1,1,January,1,5,Sunday,True,Jan-2020,5,1,False,False,False,False,Jan,1
20200106,2020-01-06,2020,Q1,1,January,2,6,Monday,False,Jan-2020,6,1,False,False,False,False,Jan,1
20200107,2020-01-07,2020,Q1,1,January,2,7,Tuesday,False,Jan-2020,7,1,False,False,False,False,Jan,1
20200108,2020-01-08,2020,Q1,1,January,2,8,Wednesday,False,Jan-2020,8,2,False,False,False,False,Jan,1
20200109,2020-01-09,2020,Q1,1,January,2,9,Thursday,False,Jan-2020,9,2,False,False,False,False,Jan,1
20200110,2020-01-10,2020,Q1,1,January,2,10,Friday,False,Jan-2020,10,2,False,False,False,False,Jan,1
20200111,2020-01-11,2020,Q1,1,January,2,11,Saturday,True,Jan-2020,11,2,False,False,False,False,Jan,1
20200112,2020-01-12,2020,Q1,1,January,2,12,Sunday,True,Jan-2020,12,2,False,False,False,False,Jan,1
20200113,2020-01-13,2020,Q1,1,January,3,13,Monday,False,Jan-2020,13,2,False,False,False,False,Jan,1
20200114,2020-01-14,2020,Q1,1,January,3,14,Tuesday,False,Jan-2020,14,2,False,False,False,False,Jan,1
20200115,2020-01-15,2020,Q1,1,January,3,15,Wednesday,False,Jan-2020,15,3,False,False,False,False,Jan,1
20200116,2020-01-16,2020,Q1,1,January,3,16,Thursday,False,Jan-2020,16,3,False,False,False,False,Jan,1
20200117,2020-01-17,2020,Q1,1,January,3,17,Friday,False,Jan-2020,17,3,False,False,False,False,Jan,1
20200118,2020-01-18,2020,Q1,1,January,3,18,Saturday,True,Jan-2020,18,3,False,False,False,False,Jan,1
20200119,2020-01-19,2020,Q1,1,January,3,19,Sunday,True,Jan-2020,19,3,False,False,False,False,Jan,1
20200120,2020-01-20,2020,Q1,1,January,4,20,Monday,False,Jan-2020,20,3,False,False,False,False,Jan,1
20200121,2020-01-21,2020,Q1,1,January,4,21,Tuesday,False,Jan-2020,21,3,False,False,False,False,Jan,1
20200122,2020-01-22,2020,Q1,1,January,4,22,Wednesday,False,Jan-2020,22,4,False,False,False,False,Jan,1
20200123,2020-01-23,2020,Q1,1,January,4,23,Thursday,False,Jan-2020,23,4,False,False,False,False,Jan,1
20200124,2020-01-24,2020,Q1,1,January,4,24,Friday,False,Jan-2020,24,4,False,False,False,False,Jan,1
20200125,2020-01-25,2020,Q1,1,January,4,25,Saturday,True,Jan-2020,25,4,False,False,False,False,Jan,1
20200126,2020-01-26,2020,Q1,1,January,4,26,Sunday,True,Jan-2020,26,4,False,False,False,False,Jan,1
20200127,2020-01-27,2020,Q1,1,January,5,27,Monday,False,Jan-2020,27,4,False,False,False,False,Jan,1
20200128,2020-01-28,2020,Q1,1,January,5,28,Tuesday,False,Jan-2020,28,4,False,False,False,False,Jan,1
20200129,2020-01-29,2020,Q1,1,January,5,29,Wednesday,False,Jan-2020,29,5,False,False,False,False,Jan,1
20200130,2020-01-30,2020,Q1,1,January,5,30,Thursday,False,Jan-2020,30,5,False,False,False,False,Jan,1
20200131,2020-01-31,2020,Q1,1,January,5,31,Friday,False,Jan-2020,31,5,False,True,False,False,Jan,1
20200201,2020-02-01,2020,Q1,2,February,5,1,Saturday,True,Feb-2020,32,1,True,False,False,False,Feb,1
20200202,2020-02-02,2020,Q1,2,February,5,2,Sunday,True,Feb-2020,33,1,False,False,False,False,Feb,1
20200203,2020-02-03,2020,Q1,2,February,6,3,Monday,False,Feb-2020,34,1,False,False,False,False,Feb,1
20200204,2020-02-04,2020,Q1,2,February,6,4,Tuesday,False,Feb-2020,35,1,False,False,False,False,Feb,1
20200205,2020-02-05,2020,Q1,2,February,6,5,Wednesday,False,Feb-2020,36,1,False,False,False,False,Feb,1
20200206,2020-02-06,2020,Q1,2,February,6,6,Thursday,False,Feb-2020,37,1,False,False,False,False,Feb,1
20200207,2020-02-07,2020,Q1,2,February,6,7,Friday,False,Feb-2020,38,1,False,False,False,False,Feb,1
20200208,2020-02-08,2020,Q1,2,February,6,8,Saturday,True,Feb-2020,39,2,False,False,False,False,Feb,1
20200209,2020-02-09,2020,Q1,2,February,6,9,Sunday,True,Feb-2020,40,2,False,False,False,False,Feb,1
20200210,2020-02-10,2020,Q1,2,February,7,10,Monday,False,Feb-2020,41,2,False,False,False,False,Feb,1
20200211,2020-02-11,2020,Q1,2,February,7,11,Tuesday,False,Feb-2020,42,2,False,False,False,False,Feb,1
20200212,2020-02-12,2020,Q1,2,February,7,12,Wednesday,False,Feb-2020,43,2,False,False,False,False,Feb,1
20200213,2020-02-13,2020,Q1,2,February,7,13,Thursday,False,Feb-2020,44,2,False,False,False,False,Feb,1
20200214,2020-02-14,2020,Q1,2,February,7,14,Friday,False,Feb-2020,45,2,False,False,False,False,Feb,1
20200215,2020-02-15,2020,Q1,2,February,7,15,Saturday,True,Feb-2020,46,3,False,False,False,False,Feb,1
20200216,2020-02-16,2020,Q1,2,February,7,16,Sunday,True,Feb-2020,47,3,False,False,False,False,Feb,1
20200217,2020-02-17,2020,Q1,2,February,8,17,Monday,False,Feb-2020,48,3,False,False,False,False,Feb,1
20200218,2020-02-18,2020,Q1,2,February,8,18,Tuesday,False,Feb-2020,49,3,False,False,False,False,Feb,1
20200219,2020-02-19,2020,Q1,2,February,8,19,Wednesday,False,Feb-2020,50,3,False,False,False,False,Feb,1
20200220,2020-02-20,2020,Q1,2,February,8,20,Thursday,False,Feb-2020,51,3,False,False,False,False,Feb,1
20200221,2020-02-21,2020,Q1,2,February,8,21,Friday,False,Feb-2020,52,3,False,False,False,False,Feb,1
20200222,2020-02-22,2020,Q1,2,February,8,22,Saturday,True,Feb-2020,53,4,False,False,False,False,Feb,1
20200223,2020-02-23,2020,Q1,2,February,8,23,Sunday,True,Feb-2020,54,4,False,False,False,False,Feb,1
20200224,2020-02-24,2020,Q1,2,February,9,24,Monday,False,Feb-2020,55,4,False,False,False,False,Feb,1
20200225,2020-02-25,2020,Q1,2,February,9,25,Tuesday,False,Feb-2020,56,4,False,False,False,False,Feb,1
20200226,2020-02-26,2020,Q1,2,February,9,26,Wednesday,False,Feb-2020,57,4,False,False,False,False,Feb,1
20200227,2020-02-27,2020,Q1,2,February,9,27,Thursday,False,Feb-2020,58,4,False,False,False,False,Feb,1
20200228,2020-02-28,2020,Q1,2,February,9,28,Friday,False,Feb-2020,59,4,False,False,False,False,Feb,1
20200229,2020-02-29,2020,Q1,2,February,9,29,Saturday,True,Feb-2020,60,5,False,True,False,False,Feb,1
20200301,2020-03-01,2020,Q1,3,March,9,1,Sunday,True,Mar-2020,61,1,True,False,False,False,Mar,1
20200302,2020-03-02,2020,Q1,3,March,10,2,Monday,False,Mar-2020,62,1,False,False,False,False,Mar,1
20200303,2020-03-03,2020,Q1,3,March,10,3,Tuesday,False,Mar-2020,63,1,False,False,False,False,Mar,1
20200304,2020-03-04,2020,Q1,3,March,10,4,Wednesday,False,Mar-2020,64,1,False,False,False,False,Mar,1
20200305,2020-03-05,2020,Q1,3,March,10,5,Thursday,False,Mar-2020,65,1,False,False,False,False,Mar,1
20200306,2020-03-06,2020,Q1,3,March,10,6,Friday,False,Mar-2020,66,1,False,False,False,False,Mar,1
20200307,2020-03-07,2020,Q1,3,March,10,7,Saturday,True,Mar-2020,67,1,False,False,False,False,Mar,1
20200308,2020-03-08,2020,Q1,3,March,10,8,Sunday,True,Mar-2020,68,2,False,False,False,False,Mar,1
20200309,2020-03-09,2020,Q1,3,March,11,9,Monday,False,Mar-2020,69,2,False,False,False,False,Mar,1
20200310,2020-03-10,2020,Q1,3,March,11,10,Tuesday,False,Mar-2020,70,2,False,False,False,False,Mar,1
20200311,2020-03-11,2020,Q1,3,March,11,11,Wednesday,False,Mar-2020,71,2,False,False,False,False,Mar,1
20200312,2020-03-12,2020,Q1,3,March,11,12,Thursday,False,Mar-2020,72,2,False,False,False,False,Mar,1
20200313,2020-03-13,2020,Q1,3,March,11,13,Friday,False,Mar-2020,73,2,False,False,False,False,Mar,1
20200314,2020-03-14,2020,Q1,3,March,11,14,Saturday,True,Mar-2020,74,2,False,False,False,False,Mar,1
20200315,2020-03-15,2020,Q1,3,March,11,15,Sunday,True,Mar-2020,75,3,False,False,False,False,Mar,1
20200316,2020-03-16,2020,Q1,3,March,12,16,Monday,False,Mar-2020,76,3,False,False,False,False,Mar,1
20200317,2020-03-17,2020,Q1,3,March,12,17,Tuesday,False,Mar-2020,77,3,False,False,False,False,Mar,1
20200318,2020-03-18,2020,Q1,3,March,12,18,Wednesday,False,Mar-2020,78,3,False,False,False,False,Mar,1
20200319,2020-03-19,2020,Q1,3,March,12,19,Thursday,False,Mar-2020,79,3,False,False,False,False,Mar,1
20200320,2020-03-20,2020,Q1,3,March,12,20,Friday,False,Mar-2020,80,3,False,False,False,False,Mar,1
20200321,2020-03-21,2020,Q1,3,March,12,21,Saturday,True,Mar-2020,81,3,False,False,False,False,Mar,1
20200322,2020-03-22,2020,Q1,3,March,12,22,Sunday,True,Mar-2020,82,4,False,False,False,False,Mar,1
20200323,2020-03-23,2020,Q1,3,March,13,23,Monday,False,Mar-2020,83,4,False,False,False,False,Mar,1
20200324,2020-03-24,2020,Q1,3,March,13,24,Tuesday,False,Mar-2020,84,4,False,False,False,False,Mar,1
20200325,2020-03-25,2020,Q1,3,March,13,25,Wednesday,False,Mar-2020,85,4,False,False,False,False,Mar,1
20200326,2020-03-26,2020,Q1,3,March,13,26,Thursday,False,Mar-2020,86,4,False,False,False,False,Mar,1
20200327,2020-03-27,2020,Q1,3,March,13,27,Friday,False,Mar-2020,87,4,False,False,False,False,Mar,1
20200328,2020-03-28,2020,Q1,3,March,13,28,Saturday,True,Mar-2020,88,4,False,False,False,False,Mar,1
20200329,2020-03-29,2020,Q1,3,March,13,29,Sunday,True,Mar-2020,89,5,False,False,False,False,Mar,1
20200330,2020-03-30,2020,Q1,3,March,14,30,Monday,False,Mar-2020,90,5,False,False,False,False,Mar,1
20200331,2020-03-31,2020,Q1,3,March,14,31,Tuesday,False,Mar-2020,91,5,False,True,False,True,Mar,1
20200401,2020-04-01,2020,Q2,4,April,14,1,Wednesday,False,Apr-2020,92,1,True,False,True,False,Apr,2
20200402,2020-04-02,2020,Q2,4,April,14,2,Thursday,False,Apr-2020,93,1,False,False,False,False,Apr,2
20200403,2020-04-03,2020,Q2,4,April,14,3,Friday,False,Apr-2020,94,1,False,False,False,False,Apr,2
20200404,2020-04-04,2020,Q2,4,April,14,4,Saturday,True,Apr-2020,95,1,False,False,False,False,Apr,2
20200405,2020-04-05,2020,Q2,4,April,14,5,Sunday,True,Apr-2020,96,1,False,False,False,False,Apr,2
20200406,2020-04-06,2020,Q2,4,April,15,6,Monday,False,Apr-2020,97,1,False,False,False,False,Apr,2
20200407,2020-04-07,2020,Q2,4,April,15,7,Tuesday,False,Apr-2020,98,1,False,False,False,False,Apr,2
20200408,2020-04-08,2020,Q2,4,April,15,8,Wednesday,False,Apr-2020,99,2,False,False,False,False,Apr,2
20200409,2020-04-09,2020,Q2,4,April,15,9,Thursday,False,Apr-2020,100,2,False,False,False,False,Apr,2
20200410,2020-04-10,2020,Q2,4,April,15,10,Friday,False,Apr-2020,101,2,False,False,False,False,Apr,2
20200411,2020-04-11,2020,Q2,4,April,15,11,Saturday,True,Apr-2020,102,2,False,False,False,False,Apr,2
20200412,2020-04-12,2020,Q2,4,April,15,12,Sunday,True,Apr-2020,103,2,False,False,False,False,Apr,2
20200413,2020-04-13,2020,Q2,4,April,16,13,Monday,False,Apr-2020,104,2,False,False,False,False,Apr,2
20200414,2020-04-14,2020,Q2,4,April,16,14,Tuesday,False,Apr-2020,105,2,False,False,False,False,Apr,2
20200415,2020-04-15,2020,Q2,4,April,16,15,Wednesday,False,Apr-2020,106,3,False,False,False,False,Apr,2
20200416,2020-04-16,2020,Q2,4,April,16,16,Thursday,False,Apr-2020,107,3,False,False,False,False,Apr,2
20200417,2020-04-17,2020,Q2,4,April,16,17,Friday,False,Apr-2020,108,3,False,False,False,False,Apr,2
20200418,2020-04-18,2020,Q2,4,April,16,18,Saturday,True,Apr-2020,109,3,False,False,False,False,Apr,2
20200419,2020-04-19,2020,Q2,4,April,16,19,Sunday,True,Apr-2020,110,3,False,False,False,False,Apr,2
20200420,2020-04-20,2020,Q2,4,April,17,20,Monday,False,Apr-2020,111,3,False,False,False,False,Apr,2
20200421,2020-04-21,2020,Q2,4,April,17,21,Tuesday,False,Apr-2020,112,3,False,False,False,False,Apr,2
20200422,2020-04-22,2020,Q2,4,April,17,22,Wednesday,False,Apr-2020,113,4,False,False,False,False,Apr,2
20200423,2020-04-23,2020,Q2,4,April,17,23,Thursday,False,Apr-2020,114,4,False,False,False,False,Apr,2
20200424,2020-04-24,2020,Q2,4,April,17,24,Friday,False,Apr-2020,115,4,False,False,False,False,Apr,2
20200425,2020-04-25,2020,Q2,4,April,17,25,Saturday,True,Apr-2020,116,4,False,False,False,False,Apr,2
20200426,2020-04-26,2020,Q2,4,April,17,26,Sunday,True,Apr-2020,117,4,False,False,False,False,Apr,2
20200427,2020-04-27,2020,Q2,4,April,18,27,Monday,False,Apr-2020,118,4,False,False,False,False,Apr,2
20200428,2020-04-28,2020,Q2,4,April,18,28,Tuesday,False,Apr-2020,119,4,False,False,False,False,Apr,2
20200429,2020-04-29,2020,Q2,4,April,18,29,Wednesday,False,Apr-2020,120,5,False,False,False,False,Apr,2
20200430,2020-04-30,2020,Q2,4,April,18,30,Thursday,False,Apr-2020,121,5,False,True,False,False,Apr,2
20200501,2020-05-01,2020,Q2,5,May,18,1,Friday,False,May-2020,122,1,True,False,False,False,May,2
20200502,2020-05-02,2020,Q2,5,May,18,2,Saturday,True,May-2020,123,1,False,False,False,False,May,2
20200503,2020-05-03,2020,Q2,5,May,18,3,Sunday,True,May-2020,124,1,False,False,False,False,May,2
20200504,2020-05-04,2020,Q2,5,May,19,4,Monday,False,May-2020,125,1,False,False,False,False,May,2
20200505,2020-05-05,2020,Q2,5,May,19,5,Tuesday,False,May-2020,126,1,False,False,False,False,May,2
20200506,2020-05-06,2020,Q2,5,May,19,6,Wednesday,False,May-2020,127,1,False,False,False,False,May,2
20200507,2020-05-07,2020,Q2,5,May,19,7,Thursday,False,May-2020,128,1,False,False,False,False,May,2
20200508,2020-05-08,2020,Q2,5,May,19,8,Friday,False,May-2020,129,2,False,False,False,False,May,2
20200509,2020-05-09,2020,Q2,5,May,19,9,Saturday,True,May-2020,130,2,False,False,False,False,May,2
20200510,2020-05-10,2020,Q2,5,May,19,10,Sunday,True,May-2020,131,2,False,False,False,False,May,2
20200511,2020-05-11,2020,Q2,5,May,20,11,Monday,False,May-2020,132,2,False,False,False,False,May,2
20200512,2020-05-12,2020,Q2,5,May,20,12,Tuesday,False,May-2020,133,2,False,False,False,False,May,2
20200513,2020-05-13,2020,Q2,5,May,20,13,Wednesday,False,May-2020,134,2,False,False,False,False,May,2
20200514,2020-05-14,2020,Q2,5,May,20,14,Thursday,False,May-2020,135,2,False,False,False,False,May,2
20200515,2020-05-15,2020,Q2,5,May,20,15,Friday,False,May-2020,136,3,False,False,False,False,May,2
20200516,2020-05-16,2020,Q2,5,May,20,16,Saturday,True,May-2020,137,3,False,False,False,False,May,2
20200517,2020-05-17,2020,Q2,5,May,20,17,Sunday,True,May-2020,138,3,False,False,False,False,May,2
20200518,2020-05-18,2020,Q2,5,May,21,18,Monday,False,May-2020,139,3,False,False,False,False,May,2
20200519,2020-05-19,2020,Q2,5,May,21,19,Tuesday,False,May-2020,140,3,False,False,False,False,May,2
20200520,2020-05-20,2020,Q2,5,May,21,20,Wednesday,False,May-2020,141,3,False,False,False,False,May,2
20200521,2020-05-21,2020,Q2,5,May,21,21,Thursday,False,May-2020,142,3,False,False,False,False,May,2
20200522,2020-05-22,2020,Q2,5,May,21,22,Friday,False,May-2020,143,4,False,False,False,False,May,2
20200523,2020-05-23,2020,Q2,5,May,21,23,Saturday,True,May-2020,144,4,False,False,False,False,May,2
20200524,2020-05-24,2020,Q2,5,May,21,24,Sunday,True,May-2020,145,4,False,False,False,False,May,2
20200525,2020-05-25,2020,Q2,5,May,22,25,Monday,False,May-2020,146,4,False,False,False,False,May,2
20200526,2020-05-26,2020,Q2,5,May,22,26,Tuesday,False,May-2020,147,4,False,False,False,False,May,2
20200527,2020-05-27,2020,Q2,5,May,22,27,Wednesday,False,May-2020,148,4,False,False,False,False,May,2
20200528,2020-05-28,2020,Q2,5,May,22,28,Thursday,False,May-2020,149,4,False,False,False,False,May,2
20200529,2020-05-29,2020,Q2,5,May,22,29,Friday,False,May-2020,150,5,False,False,False,False,May,2
20200530,2020-05-30,2020,Q2,5,May,22,30,Saturday,True,May-2020,151,5,False,False,False,False,May,2
20200531,2020-05-31,2020,Q2,5,May,22,31,Sunday,True,May-2020,152,5,False,True,False,False,May,2
20200601,2020-06-01,2020,Q2,6,June,23,1,Monday,False,Jun-2020,153,1,True,False,False,False,Jun,2
20200602,2020-06-02,2020,Q2,6,June,23,2,Tuesday,False,Jun-2020,154,1,False,False,False,False,Jun,2
20200603,2020-06-03,2020,Q2,6,June,23,3,Wednesday,False,Jun-2020,155,1,False,False,False,False,Jun,2
20200604,2020-06-04,2020,Q2,6,June,23,4,Thursday,False,Jun-2020,156,1,False,False,False,False,Jun,2
20200605,2020-06-05,2020,Q2,6,June,23,5,Friday,False,Jun-2020,157,1,False,False,False,False,Jun,2
20200606,2020-06-06,2020,Q2,6,June,23,6,Saturday,True,Jun-2020,158,1,False,False,False,False,Jun,2
20200607,2020-06-07,2020,Q2,6,June,23,7,Sunday,True,Jun-2020,159,1,False,False,False,False,Jun,2
20200608,2020-06-08,2020,Q2,6,June,24,8,Monday,False,Jun-2020,160,2,False,False,False,False,Jun,2
20200609,2020-06-09,2020,Q2,6,June,24,9,Tuesday,False,Jun-2020,161,2,False,False,False,False,Jun,2
20200610,2020-06-10,2020,Q2,6,June,24,10,Wednesday,False,Jun-2020,162,2,False,False,False,False,Jun,2
20200611,2020-06-11,2020,Q2,6,June,24,11,Thursday,False,Jun-2020,163,2,False,False,False,False,Jun,2
20200612,2020-06-12,2020,Q2,6,June,24,12,Friday,False,Jun-2020,164,2,False,False,False,False,Jun,2
20200613,2020-06-13,2020,Q2,6,June,24,13,Saturday,True,Jun-2020,165,2,False,False,False,False,Jun,2
20200614,2020-06-14,2020,Q2,6,June,24,14,Sunday,True,Jun-2020,166,2,False,False,False,False,Jun,2
20200615,2020-06-15,2020,Q2,6,June,25,15,Monday,False,Jun-2020,167,3,False,False,False,False,Jun,2
20200616,2020-06-16,2020,Q2,6,June,25,16,Tuesday,False,Jun-2020,168,3,False,False,False,False,Jun,2
20200617,2020-06-17,2020,Q2,6,June,25,17,Wednesday,False,Jun-2020,169,3,False,False,False,False,Jun,2
20200618,2020-06-18,2020,Q2,6,June,25,18,Thursday,False,Jun-2020,170,3,False,False,False,False,Jun,2
20200619,2020-06-19,2020,Q2,6,June,25,19,Friday,False,Jun-2020,171,3,False,False,False,False,Jun,2
20200620,2020-06-20,2020,Q2,6,June,25,20,Saturday,True,Jun-2020,172,3,False,False,False,False,Jun,2
20200621,2020-06-21,2020,Q2,6,June,25,21,Sunday,True,Jun-2020,173,3,False,False,False,False,Jun,2
20200622,2020-06-22,2020,Q2,6,June,26,22,Monday,False,Jun-2020,174,4,False,False,False,False,Jun,2
20200623,2020-06-23,2020,Q2,6,June,26,23,Tuesday,False,Jun-2020,175,4,False,False,False,False,Jun,2
20200624,2020-06-24,2020,Q2,6,June,26,24,Wednesday,False,Jun-2020,176,4,False,False,False,False,Jun,2
20200625,2020-06-25,2020,Q2,6,June,26,25,Thursday,False,Jun-2020,177,4,False,False,False,False,Jun,2
20200626,2020-06-26,2020,Q2,6,June,26,26,Friday,False,Jun-2020,178,4,False,False,False,False,Jun,2
20200627,2020-06-27,2020,Q2,6,June,26,27,Saturday,True,Jun-2020,179,4,False,False,False,False,Jun,2
20200628,2020-06-28,2020,Q2,6,June,26,28,Sunday,True,Jun-2020,180,4,False,False,False,False,Jun,2
20200629,2020-06-29,2020,Q2,6,June,27,29,Monday,False,Jun-2020,181,5,False,False,False,False,Jun,2
20200630,2020-06-30,2020,Q2,6,June,27,30,Tuesday,False,Jun-2020,182,5,False,True,False,True,Jun,2
20200701,2020-07-01,2020,Q3,7,July,27,1,Wednesday,False,Jul-2020,183,1,True,False,True,False,Jul,3
20200702,2020-07-02,2020,Q3,7,July,27,2,Thursday,False,Jul-2020,184,1,False,False,False,False,Jul,3
20200703,2020-07-03,2020,Q3,7,July,27,3,Friday,False,Jul-2020,185,1,False,False,False,False,Jul,3
20200704,2020-07-04,2020,Q3,7,July,27,4,Saturday,True,Jul-2020,186,1,False,False,False,False,Jul,3
20200705,2020-07-05,2020,Q3,7,July,27,5,Sunday,True,Jul-2020,187,1,False,False,False,False,Jul,3
20200706,2020-07-06,2020,Q3,7,July,28,6,Monday,False,Jul-2020,188,1,False,False,False,False,Jul,3
20200707,2020-07-07,2020,Q3,7,July,28,7,Tuesday,False,Jul-2020,189,1,False,False,False,False,Jul,3
20200708,2020-07-08,2020,Q3,7,July,28,8,Wednesday,False,Jul-2020,190,2,False,False,False,False,Jul,3
20200709,2020-07-09,2020,Q3,7,July,28,9,Thursday,False,Jul-2020,191,2,False,False,False,False,Jul,3
20200710,2020-07-10,2020,Q3,7,July,28,10,Friday,False,Jul-2020,192,2,False,False,False,False,Jul,3
20200711,2020-07-11,2020,Q3,7,July,28,11,Saturday,True,Jul-2020,193,2,False,False,False,False,Jul,3
20200712,2020-07-12,2020,Q3,7,July,28,12,Sunday,True,Jul-2020,194,2,False,False,False,False,Jul,3
20200713,2020-07-13,2020,Q3,7,July,29,13,Monday,False,Jul-2020,195,2,False,False,False,False,Jul,3
20200714,2020-07-14,2020,Q3,7,July,29,14,Tuesday,False,Jul-2020,196,2,False,False,False,False,Jul,3
20200715,2020-07-15,2020,Q3,7,July,29,15,Wednesday,False,Jul-2020,197,3,False,False,False,False,Jul,3
20200716,2020-07-16,2020,Q3,7,July,29,16,Thursday,False,Jul-2020,198,3,False,False,False,False,Jul,3
20200717,2020-07-17,2020,Q3,7,July,29,17,Friday,False,Jul-2020,199,3,False,False,False,False,Jul,3
20200718,2020-07-18,2020,Q3,7,July,29,18,Saturday,True,Jul-2020,200,3,False,False,False,False,Jul,3
20200719,2020-07-19,2020,Q3,7,July,29,19,Sunday,True,Jul-2020,201,3,False,False,False,False,Jul,3
20200720,2020-07-20,2020,Q3,7,July,30,20,Monday,False,Jul-2020,202,3,False,False,False,False,Jul,3
20200721,2020-07-21,2020,Q3,7,July,30,21,Tuesday,False,Jul-2020,203,3,False,False,False,False,Jul,3
20200722,2020-07-22,2020,Q3,7,July,30,22,Wednesday,False,Jul-2020,204,4,False,False,False,False,Jul,3
20200723,2020-07-23,2020,Q3,7,July,30,23,Thursday,False,Jul-2020,205,4,False,False,False,False,Jul,3
20200724,2020-07-24,2020,Q3,7,July,30,24,Friday,False,Jul-2020,206,4,False,False,False,False,Jul,3
20200725,2020-07-25,2020,Q3,7,July,30,25,Saturday,True,Jul-2020,207,4,False,False,False,False,Jul,3
20200726,2020-07-26,2020,Q3,7,July,30,26,Sunday,True,Jul-2020,208,4,False,False,False,False,Jul,3
20200727,2020-07-27,2020,Q3,7,July,31,27,Monday,False,Jul-2020,209,4,False,False,False,False,Jul,3
20200728,2020-07-28,2020,Q3,7,July,31,28,Tuesday,False,Jul-2020,210,4,False,False,False,False,Jul,3
20200729,2020-07-29,2020,Q3,7,July,31,29,Wednesday,False,Jul-2020,211,5,False,False,False,False,Jul,3
20200730,2020-07-30,2020,Q3,7,July,31,30,Thursday,False,Jul-2020,212,5,False,False,False,False,Jul,3
20200731,2020-07-31,2020,Q3,7,July,31,31,Friday,False,Jul-2020,213,5,False,True,False,False,Jul,3
20200801,2020-08-01,2020,Q3,8,August,31,1,Saturday,True,Aug-2020,214,1,True,False,False,False,Aug,3
20200802,2020-08-02,2020,Q3,8,August,31,2,Sunday,True,Aug-2020,215,1,False,False,False,False,Aug,3
20200803,2020-08-03,2020,Q3,8,August,32,3,Monday,False,Aug-2020,216,1,False,False,False,False,Aug,3
20200804,2020-08-04,2020,Q3,8,August,32,4,Tuesday,False,Aug-2020,217,1,False,False,False,False,Aug,3
20200805,2020-08-05,2020,Q3,8,August,32,5,Wednesday,False,Aug-2020,218,1,False,False,False,False,Aug,3
20200806,2020-08-06,2020,Q3,8,August,32,6,Thursday,False,Aug-2020,219,1,False,False,False,False,Aug,3
20200807,2020-08-07,2020,Q3,8,August,32,7,Friday,False,Aug-2020,220,1,False,False,False,False,Aug,3
20200808,2020-08-08,2020,Q3,8,August,32,8,Saturday,True,Aug-2020,221,2,False,False,False,False,Aug,3
20200809,2020-08-09,2020,Q3,8,August,32,9,Sunday,True,Aug-2020,222,2,False,False,False,False,Aug,3
20200810,2020-08-10,2020,Q3,8,August,33,10,Monday,False,Aug-2020,223,2,False,False,False,False,Aug,3
20200811,2020-08-11,2020,Q3,8,August,33,11,Tuesday,False,Aug-2020,224,2,False,False,False,False,Aug,3
20200812,2020-08-12,2020,Q3,8,August,33,12,Wednesday,False,Aug-2020,225,2,False,False,False,False,Aug,3
20200813,2020-08-13,2020,Q3,8,August,33,13,Thursday,False,Aug-2020,226,2,False,False,False,False,Aug,3
20200814,2020-08-14,2020,Q3,8,August,33,14,Friday,False,Aug-2020,227,2,False,False,False,False,Aug,3
20200815,2020-08-15,2020,Q3,8,August,33,15,Saturday,True,Aug-2020,228,3,False,False,False,False,Aug,3
20200816,2020-08-16,2020,Q3,8,August,33,16,Sunday,True,Aug-2020,229,3,False,False,False,False,Aug,3
20200817,2020-08-17,2020,Q3,8,August,34,17,Monday,False,Aug-2020,230,3,False,False,False,False,Aug,3
20200818,2020-08-18,2020,Q3,8,August,34,18,Tuesday,False,Aug-2020,231,3,False,False,False,False,Aug,3
20200819,2020-08-19,2020,Q3,8,August,34,19,Wednesday,False,Aug-2020,232,3,False,False,False,False,Aug,3
20200820,2020-08-20,2020,Q3,8,August,34,20,Thursday,False,Aug-2020,233,3,False,False,False,False,Aug,3
20200821,2020-08-21,2020,Q3,8,August,34,21,Friday,False,Aug-2020,234,3,False,False,False,False,Aug,3
20200822,2020-08-22,2020,Q3,8,August,34,22,Saturday,True,Aug-2020,235,4,False,False,False,False,Aug,3
20200823,2020-08-23,2020,Q3,8,August,34,23,Sunday,True,Aug-2020,236,4,False,False,False,False,Aug,3
20200824,2020-08-24,2020,Q3,8,August,35,24,Monday,False,Aug-2020,237,4,False,False,False,False,Aug,3
20200825,2020-08-25,2020,Q3,8,August,35,25,Tuesday,False,Aug-2020,238,4,False,False,False,False,Aug,3
20200826,2020-08-26,2020,Q3,8,August,35,26,Wednesday,False,Aug-2020,239,4,False,False,False,False,Aug,3
20200827,2020-08-27,2020,Q3,8,August,35,27,Thursday,False,Aug-2020,240,4,False,False,False,False,Aug,3
20200828,2020-08-28,2020,Q3,8,August,35,28,Friday,False,Aug-2020,241,4,False,False,False,False,Aug,3
20200829,2020-08-29,2020,Q3,8,August,35,29,Saturday,True,Aug-2020,242,5,False,False,False,False,Aug,3
20200830,2020-08-30,2020,Q3,8,August,35,30,Sunday,True,Aug-2020,243,5,False,False,False,False,Aug,3
20200831,2020-08-31,2020,Q3,8,August,36,31,Monday,False,Aug-2020,244,5,False,True,False,False,Aug,3
20200901,2020-09-01,2020,Q3,9,September,36,1,Tuesday,False,Sep-2020,245,1,True,False,False,False,Sep,3
20200902,2020-09-02,2020,Q3,9,September,36,2,Wednesday,False,Sep-2020,246,1,False,False,False,False,Sep,3
20200903,2020-09-03,2020,Q3,9,September,36,3,Thursday,False,Sep-2020,247,1,False,False,False,False,Sep,3
20200904,2020-09-04,2020,Q3,9,September,36,4,Friday,False,Sep-2020,248,1,False,False,False,False,Sep,3
20200905,2020-09-05,2020,Q3,9,September,36,5,Saturday,True,Sep-2020,249,1,False,False,False,False,Sep,3
20200906,2020-09-06,2020,Q3,9,September,36,6,Sunday,True,Sep-2020,250,1,False,False,False,False,Sep,3
20200907,2020-09-07,2020,Q3,9,September,37,7,Monday,False,Sep-2020,251,1,False,False,False,False,Sep,3
20200908,2020-09-08,2020,Q3,9,September,37,8,Tuesday,False,Sep-2020,252,2,False,False,False,False,Sep,3
20200909,2020-09-09,2020,Q3,9,September,37,9,Wednesday,False,Sep-2020,253,2,False,False,False,False,Sep,3
20200910,2020-09-10,2020,Q3,9,September,37,10,Thursday,False,Sep-2020,254,2,False,False,False,False,Sep,3
20200911,2020-09-11,2020,Q3,9,September,37,11,Friday,False,Sep-2020,255,2,False,False,False,False,Sep,3
20200912,2020-09-12,2020,Q3,9,September,37,12,Saturday,True,Sep-2020,256,2,False,False,False,False,Sep,3
20200913,2020-09-13,2020,Q3,9,September,37,13,Sunday,True,Sep-2020,257,2,False,False,False,False,Sep,3
20200914,2020-09-14,2020,Q3,9,September,38,14,Monday,False,Sep-2020,258,2,False,False,False,False,Sep,3
20200915,2020-09-15,2020,Q3,9,September,38,15,Tuesday,False,Sep-2020,259,3,False,False,False,False,Sep,3
20200916,2020-09-16,2020,Q3,9,September,38,16,Wednesday,False,Sep-2020,260,3,False,False,False,False,Sep,3
20200917,2020-09-17,2020,Q3,9,September,38,17,Thursday,False,Sep-2020,261,3,False,False,False,False,Sep,3
20200918,2020-09-18,2020,Q3,9,September,38,18,Friday,False,Sep-2020,262,3,False,False,False,False,Sep,3
20200919,2020-09-19,2020,Q3,9,September,38,19,Saturday,True,Sep-2020,263,3,False,False,False,False,Sep,3
20200920,2020-09-20,2020,Q3,9,September,38,20,Sunday,True,Sep-2020,264,3,False,False,False,False,Sep,3
20200921,2020-09-21,2020,Q3,9,September,39,21,Monday,False,Sep-2020,265,3,False,False,False,False,Sep,3
20200922,2020-09-22,2020,Q3,9,September,39,22,Tuesday,False,Sep-2020,266,4,False,False,False,False,Sep,3
20200923,2020-09-23,2020,Q3,9,September,39,23,Wednesday,False,Sep-2020,267,4,False,False,False,False,Sep,3
20200924,2020-09-24,2020,Q3,9,September,39,24,Thursday,False,Sep-2020,268,4,False,False,False,False,Sep,3
20200925,2020-09-25,2020,Q3,9,September,39,25,Friday,False,Sep-2020,269,4,False,False,False,False,Sep,3
20200926,2020-09-26,2020,Q3,9,September,39,26,Saturday,True,Sep-2020,270,4,False,False,False,False,Sep,3
20200927,2020-09-27,2020,Q3,9,September,39,27,Sunday,True,Sep-2020,271,4,False,False,False,False,Sep,3
20200928,2020-09-28,2020,Q3,9,September,40,28,Monday,False,Sep-2020,272,4,False,False,False,False,Sep,3
20200929,2020-09-29,2020,Q3,9,September,40,29,Tuesday,False,Sep-2020,273,5,False,False,False,False,Sep,3
20200930,2020-09-30,2020,Q3,9,September,40,30,Wednesday,False,Sep-2020,274,5,False,True,False,True,Sep,3
20201001,2020-10-01,2020,Q4,10,October,40,1,Thursday,False,Oct-2020,275,1,True,False,True,False,Oct,4
20201002,2020-10-02,2020,Q4,10,October,40,2,Friday,False,Oct-2020,276,1,False,False,False,False,Oct,4
20201003,2020-10-03,2020,Q4,10,October,40,3,Saturday,True,Oct-2020,277,1,False,False,False,False,Oct,4
20201004,2020-10-04,2020,Q4,10,October,40,4,Sunday,True,Oct-2020,278,1,False,False,False,False,Oct,4
20201005,2020-10-05,2020,Q4,10,October,41,5,Monday,False,Oct-2020,279,1,False,False,False,False,Oct,4
20201006,2020-10-06,2020,Q4,10,October,41,6,Tuesday,False,Oct-2020,280,1,False,False,False,False,Oct,4
20201007,2020-10-07,2020,Q4,10,October,41,7,Wednesday,False,Oct-2020,281,1,False,False,False,False,Oct,4
20201008,2020-10-08,2020,Q4,10,October,41,8,Thursday,False,Oct-2020,282,2,False,False,False,False,Oct,4
20201009,2020-10-09,2020,Q4,10,October,41,9,Friday,False,Oct-2020,283,2,False,False,False,False,Oct,4
20201010,2020-10-10,2020,Q4,10,October,41,10,Saturday,True,Oct-2020,284,2,False,False,False,False,Oct,4
20201011,2020-10-11,2020,Q4,10,October,41,11,Sunday,True,Oct-2020,285,2,False,False,False,False,Oct,4
20201012,2020-10-12,2020,Q4,10,October,42,12,Monday,False,Oct-2020,286,2,False,False,False,False,Oct,4
20201013,2020-10-13,2020,Q4,10,October,42,13,Tuesday,False,Oct-2020,287,2,False,False,False,False,Oct,4
20201014,2020-10-14,2020,Q4,10,October,42,14,Wednesday,False,Oct-2020,288,2,False,False,False,False,Oct,4
20201015,2020-10-15,2020,Q4,10,October,42,15,Thursday,False,Oct-2020,289,3,False,False,False,False,Oct,4
20201016,2020-10-16,2020,Q4,10,October,42,16,Friday,False,Oct-2020,290,3,False,False,False,False,Oct,4
20201017,2020-10-17,2020,Q4,10,October,42,17,Saturday,True,Oct-2020,291,3,False,False,False,False,Oct,4
20201018,2020-10-18,2020,Q4,10,October,42,18,Sunday,True,Oct-2020,292,3,False,False,False,False,Oct,4
20201019,2020-10-19,2020,Q4,10,October,43,19,Monday,False,Oct-2020,293,3,False,False,False,False,Oct,4
20201020,2020-10-20,2020,Q4,10,October,43,20,Tuesday,False,Oct-2020,294,3,False,False,False,False,Oct,4
20201021,2020-10-21,2020,Q4,10,October,43,21,Wednesday,False,Oct-2020,295,3,False,False,False,False,Oct,4
20201022,2020-10-22,2020,Q4,10,October,43,22,Thursday,False,Oct-2020,296,4,False,False,False,False,Oct,4
20201023,2020-10-23,2020,Q4,10,October,43,23,Friday,False,Oct-2020,297,4,False,False,False,False,Oct,4
20201024,2020-10-24,2020,Q4,10,October,43,24,Saturday,True,Oct-2020,298,4,False,False,False,False,Oct,4
20201025,2020-10-25,2020,Q4,10,October,43,25,Sunday,True,Oct-2020,299,4,False,False,False,False,Oct,4
20201026,2020-10-26,2020,Q4,10,October,44,26,Monday,False,Oct-2020,300,4,False,False,False,False,Oct,4
20201027,2020-10-27,2020,Q4,10,October,44,27,Tuesday,False,Oct-2020,301,4,False,False,False,False,Oct,4
20201028,2020-10-28,2020,Q4,10,October,44,28,Wednesday,False,Oct-2020,302,4,False,False,False,False,Oct,4
20201029,2020-10-29,2020,Q4,10,October,44,29,Thursday,False,Oct-2020,303,5,False,False,False,False,Oct,4
20201030,2020-10-30,2020,Q4,10,October,44,30,Friday,False,Oct-2020,304,5,False,False,False,False,Oct,4
20201031,2020-10-31,2020,Q4,10,October,44,31,Saturday,True,Oct-2020,305,5,False,True,False,False,Oct,4
20201101,2020-11-01,2020,Q4,11,November,44,1,Sunday,True,Nov-2020,306,1,True,False,False,False,Nov,4
20201102,2020-11-02,2020,Q4,11,November,45,2,Monday,False,Nov-2020,307,1,False,False,False,False,Nov,4
20201103,2020-11-03,2020,Q4,11,November,45,3,Tuesday,False,Nov-2020,308,1,False,False,False,False,Nov,4
20201104,2020-11-04,2020,Q4,11,November,45,4,Wednesday,False,Nov-2020,309,1,False,False,False,False,Nov,4
20201105,2020-11-05,2020,Q4,11,November,45,5,Thursday,False,Nov-2020,310,1,False,False,False,False,Nov,4
20201106,2020-11-06,2020,Q4,11,November,45,6,Friday,False,Nov-2020,311,1,False,False,False,False,Nov,4
20201107,2020-11-07,2020,Q4,11,November,45,7,Saturday,True,Nov-2020,312,1,False,False,False,False,Nov,4
20201108,2020-11-08,2020,Q4,11,November,45,8,Sunday,True,Nov-2020,313,2,False,False,False,False,Nov,4
20201109,2020-11-09,2020,Q4,11,November,46,9,Monday,False,Nov-2020,314,2,False,False,False,False,Nov,4
20201110,2020-11-10,2020,Q4,11,November,46,10,Tuesday,False,Nov-2020,315,2,False,False,False,False,Nov,4
20201111,2020-11-11,2020,Q4,11,November,46,11,Wednesday,False,Nov-2020,316,2,False,False,False,False,Nov,4
20201112,2020-11-12,2020,Q4,11,November,46,12,Thursday,False,Nov-2020,317,2,False,False,False,False,Nov,4
20201113,2020-11-13,2020,Q4,11,November,46,13,Friday,False,Nov-2020,318,2,False,False,False,False,Nov,4
20201114,2020-11-14,2020,Q4,11,November,46,14,Saturday,True,Nov-2020,319,2,False,False,False,False,Nov,4
20201115,2020-11-15,2020,Q4,11,November,46,15,Sunday,True,Nov-2020,320,3,False,False,False,False,Nov,4
20201116,2020-11-16,2020,Q4,11,November,47,16,Monday,False,Nov-2020,321,3,False,False,False,False,Nov,4
20201117,2020-11-17,2020,Q4,11,November,47,17,Tuesday,False,Nov-2020,322,3,False,False,False,False,Nov,4
20201118,2020-11-18,2020,Q4,11,November,47,18,Wednesday,False,Nov-2020,323,3,False,False,False,False,Nov,4
20201119,2020-11-19,2020,Q4,11,November,47,19,Thursday,False,Nov-2020,324,3,False,False,False,False,Nov,4
20201120,2020-11-20,2020,Q4,11,November,47,20,Friday,False,Nov-2020,325,3,False,False,False,False,Nov,4
20201121,2020-11-21,2020,Q4,11,November,47,21,Saturday,True,Nov-2020,326,3,False,False,False,False,Nov,4
20201122,2020-11-22,2020,Q4,11,November,47,22,Sunday,True,Nov-2020,327,4,False,False,False,False,Nov,4
20201123,2020-11-23,2020,Q4,11,November,48,23,Monday,False,Nov-2020,328,4,False,False,False,False,Nov,4
20201124,2020-11-24,2020,Q4,11,November,48,24,Tuesday,False,Nov-2020,329,4,False,False,False,False,Nov,4
20201125,2020-11-25,2020,Q4,11,November,48,25,Wednesday,False,Nov-2020,330,4,False,False,False,False,Nov,4
20201126,2020-11-26,2020,Q4,11,November,48,26,Thursday,False,Nov-2020,331,4,False,False,False,False,Nov,4
20201127,2020-11-27,2020,Q4,11,November,48,27,Friday,False,Nov-2020,332,4,False,False,False,False,Nov,4
20201128,2020-11-28,2020,Q4,11,November,48,28,Saturday,True,Nov-2020,333,4,False,False,False,False,Nov,4
20201129,2020-11-29,2020,Q4,11,November,48,29,Sunday,True,Nov-2020,334,5,False,False,False,False,Nov,4
20201130,2020-11-30,2020,Q4,11,November,49,30,Monday,False,Nov-2020,335,5,False,True,False,False,Nov,4
20201201,2020-12-01,2020,Q4,12,December,49,1,Tuesday,False,Dec-2020,336,1,True,False,False,False,Dec,4
20201202,2020-12-02,2020,Q4,12,December,49,2,Wednesday,False,Dec-2020,337,1,False,False,False,False,Dec,4
20201203,2020-12-03,2020,Q4,12,December,49,3,Thursday,False,Dec-2020,338,1,False,False,False,False,Dec,4
20201204,2020-12-04,2020,Q4,12,December,49,4,Friday,False,Dec-2020,339,1,False,False,False,False,Dec,4
20201205,2020-12-05,2020,Q4,12,December,49,5,Saturday,True,Dec-2020,340,1,False,False,False,False,Dec,4
20201206,2020-12-06,2020,Q4,12,December,49,6,Sunday,True,Dec-2020,341,1,False,False,False,False,Dec,4
20201207,2020-12-07,2020,Q4,12,December,50,7,Monday,False,Dec-2020,342,1,False,False,False,False,Dec,4
20201208,2020-12-08,2020,Q4,12,December,50,8,Tuesday,False,Dec-2020,343,2,False,False,False,False,Dec,4
20201209,2020-12-09,2020,Q4,12,December,50,9,Wednesday,False,Dec-2020,344,2,False,False,False,False,Dec,4
20201210,2020-12-10,2020,Q4,12,December,50,10,Thursday,False,Dec-2020,345,2,False,False,False,False,Dec,4
20201211,2020-12-11,2020,Q4,12,December,50,11,Friday,False,Dec-2020,346,2,False,False,False,False,Dec,4
20201212,2020-12-12,2020,Q4,12,December,50,12,Saturday,True,Dec-2020,347,2,False,False,False,False,Dec,4
20201213,2020-12-13,2020,Q4,12,December,50,13,Sunday,True,Dec-2020,348,2,False,False,False,False,Dec,4
20201214,2020-12-14,2020,Q4,12,December,51,14,Monday,False,Dec-2020,349,2,False,False,False,False,Dec,4
20201215,2020-12-15,2020,Q4,12,December,51,15,Tuesday,False,Dec-2020,350,3,False,False,False,False,Dec,4
20201216,2020-12-16,2020,Q4,12,December,51,16,Wednesday,False,Dec-2020,351,3,False,False,False,False,Dec,4
20201217,2020-12-17,2020,Q4,12,December,51,17,Thursday,False,Dec-2020,352,3,False,False,False,False,Dec,4
20201218,2020-12-18,2020,Q4,12,December,51,18,Friday,False,Dec-2020,353,3,False,False,False,False,Dec,4
20201219,2020-12-19,2020,Q4,12,December,51,19,Saturday,True,Dec-2020,354,3,False,False,False,False,Dec,4
20201220,2020-12-20,2020,Q4,12,December,51,20,Sunday,True,Dec-2020,355,3,False,False,False,False,Dec,4
20201221,2020-12-21,2020,Q4,12,December,52,21,Monday,False,Dec-2020,356,3,False,False,False,False,Dec,4
20201222,2020-12-22,2020,Q4,12,December,52,22,Tuesday,False,Dec-2020,357,4,False,False,False,False,Dec,4
20201223,2020-12-23,2020,Q4,12,December,52,23,Wednesday,False,Dec-2020,358,4,False,False,False,False,Dec,4
20201224,2020-12-24,2020,Q4,12,December,52,24,Thursday,False,Dec-2020,359,4,False,False,False,False,Dec,4
20201225,2020-12-25,2020,Q4,12,December,52,25,Friday,False,Dec-2020,360,4,False,False,False,False,Dec,4
20201226,2020-12-26,2020,Q4,12,December,52,26,Saturday,True,Dec-2020,361,4,False,False,False,False,Dec,4
20201227,2020-12-27,2020,Q4,12,December,52,27,Sunday,True,Dec-2020,362,4,False,False,False,False,Dec,4
20201228,2020-12-28,2020,Q4,12,December,53,28,Monday,False,Dec-2020,363,4,False,False,False,False,Dec,4
20201229,2020-12-29,2020,Q4,12,December,53,29,Tuesday,False,Dec-2020,364,5,False,False,False,False,Dec,4
20201230,2020-12-30,2020,Q4,12,December,53,30,Wednesday,False,Dec-2020,365,5,False,False,False,False,Dec,4
20201231,2020-12-31,2020,Q4,12,December,53,31,Thursday,False,Dec-2020,366,5,False,True,False,True,Dec,4
20210101,2021-01-01,2021,Q1,1,January,53,1,Friday,False,Jan-2021,1,1,True,False,True,False,Jan,1
20210102,2021-01-02,2021,Q1,1,January,53,2,Saturday,True,Jan-2021,2,1,False,False,False,False,Jan,1
20210103,2021-01-03,2021,Q1,1,January,53,3,Sunday,True,Jan-2021,3,1,False,False,False,False,Jan,1
20210104,2021-01-04,2021,Q1,1,January,1,4,Monday,False,Jan-2021,4,1,False,False,False,False,Jan,1
20210105,2021-01-05,2021,Q1,1,January,1,5,Tuesday,False,Jan-2021,5,1,False,False,False,False,Jan,1
20210106,2021-01-06,2021,Q1,1,January,1,6,Wednesday,False,Jan-2021,6,1,False,False,False,False,Jan,1
20210107,2021-01-07,2021,Q1,1,January,1,7,Thursday,False,Jan-2021,7,1,False,False,False,False,Jan,1
20210108,2021-01-08,2021,Q1,1,January,1,8,Friday,False,Jan-2021,8,2,False,False,False,False,Jan,1
20210109,2021-01-09,2021,Q1,1,January,1,9,Saturday,True,Jan-2021,9,2,False,False,False,False,Jan,1
20210110,2021-01-10,2021,Q1,1,January,1,10,Sunday,True,Jan-2021,10,2,False,False,False,False,Jan,1
20210111,2021-01-11,2021,Q1,1,January,2,11,Monday,False,Jan-2021,11,2,False,False,False,False,Jan,1
20210112,2021-01-12,2021,Q1,1,January,2,12,Tuesday,False,Jan-2021,12,2,False,False,False,False,Jan,1
20210113,2021-01-13,2021,Q1,1,January,2,13,Wednesday,False,Jan-2021,13,2,False,False,False,False,Jan,1
20210114,2021-01-14,2021,Q1,1,January,2,14,Thursday,False,Jan-2021,14,2,False,False,False,False,Jan,1
20210115,2021-01-15,2021,Q1,1,January,2,15,Friday,False,Jan-2021,15,3,False,False,False,False,Jan,1
20210116,2021-01-16,2021,Q1,1,January,2,16,Saturday,True,Jan-2021,16,3,False,False,False,False,Jan,1
20210117,2021-01-17,2021,Q1,1,January,2,17,Sunday,True,Jan-2021,17,3,False,False,False,False,Jan,1
20210118,2021-01-18,2021,Q1,1,January,3,18,Monday,False,Jan-2021,18,3,False,False,False,False,Jan,1
20210119,2021-01-19,2021,Q1,1,January,3,19,Tuesday,False,Jan-2021,19,3,False,False,False,False,Jan,1
20210120,2021-01-20,2021,Q1,1,January,3,20,Wednesday,False,Jan-2021,20,3,False,False,False,False,Jan,1
20210121,2021-01-21,2021,Q1,1,January,3,21,Thursday,False,Jan-2021,21,3,False,False,False,False,Jan,1
20210122,2021-01-22,2021,Q1,1,January,3,22,Friday,False,Jan-2021,22,4,False,False,False,False,Jan,1
20210123,2021-01-23,2021,Q1,1,January,3,23,Saturday,True,Jan-2021,23,4,False,False,False,False,Jan,1
20210124,2021-01-24,2021,Q1,1,January,3,24,Sunday,True,Jan-2021,24,4,False,False,False,False,Jan,1
20210125,2021-01-25,2021,Q1,1,January,4,25,Monday,False,Jan-2021,25,4,False,False,False,False,Jan,1
20210126,2021-01-26,2021,Q1,1,January,4,26,Tuesday,False,Jan-2021,26,4,False,False,False,False,Jan,1
20210127,2021-01-27,2021,Q1,1,January,4,27,Wednesday,False,Jan-2021,27,4,False,False,False,False,Jan,1
20210128,2021-01-28,2021,Q1,1,January,4,28,Thursday,False,Jan-2021,28,4,False,False,False,False,Jan,1
20210129,2021-01-29,2021,Q1,1,January,4,29,Friday,False,Jan-2021,29,5,False,False,False,False,Jan,1
20210130,2021-01-30,2021,Q1,1,January,4,30,Saturday,True,Jan-2021,30,5,False,False,False,False,Jan,1
20210131,2021-01-31,2021,Q1,1,January,4,31,Sunday,True,Jan-2021,31,5,False,True,False,False,Jan,1
20210201,2021-02-01,2021,Q1,2,February,5,1,Monday,False,Feb-2021,32,1,True,False,False,False,Feb,1
20210202,2021-02-02,2021,Q1,2,February,5,2,Tuesday,False,Feb-2021,33,1,False,False,False,False,Feb,1
20210203,2021-02-03,2021,Q1,2,February,5,3,Wednesday,False,Feb-2021,34,1,False,False,False,False,Feb,1
20210204,2021-02-04,2021,Q1,2,February,5,4,Thursday,False,Feb-2021,35,1,False,False,False,False,Feb,1
20210205,2021-02-05,2021,Q1,2,February,5,5,Friday,False,Feb-2021,36,1,False,False,False,False,Feb,1
20210206,2021-02-06,2021,Q1,2,February,5,6,Saturday,True,Feb-2021,37,1,False,False,False,False,Feb,1
20210207,2021-02-07,2021,Q1,2,February,5,7,Sunday,True,Feb-2021,38,1,False,False,False,False,Feb,1
20210208,2021-02-08,2021,Q1,2,February,6,8,Monday,False,Feb-2021,39,2,False,False,False,False,Feb,1
20210209,2021-02-09,2021,Q1,2,February,6,9,Tuesday,False,Feb-2021,40,2,False,False,False,False,Feb,1
20210210,2021-02-10,2021,Q1,2,February,6,10,Wednesday,False,Feb-2021,41,2,False,False,False,False,Feb,1
20210211,2021-02-11,2021,Q1,2,February,6,11,Thursday,False,Feb-2021,42,2,False,False,False,False,Feb,1
20210212,2021-02-12,2021,Q1,2,February,6,12,Friday,False,Feb-2021,43,2,False,False,False,False,Feb,1
20210213,2021-02-13,2021,Q1,2,February,6,13,Saturday,True,Feb-2021,44,2,False,False,False,False,Feb,1
20210214,2021-02-14,2021,Q1,2,February,6,14,Sunday,True,Feb-2021,45,2,False,False,False,False,Feb,1
20210215,2021-02-15,2021,Q1,2,February,7,15,Monday,False,Feb-2021,46,3,False,False,False,False,Feb,1
20210216,2021-02-16,2021,Q1,2,February,7,16,Tuesday,False,Feb-2021,47,3,False,False,False,False,Feb,1
20210217,2021-02-17,2021,Q1,2,February,7,17,Wednesday,False,Feb-2021,48,3,False,False,False,False,Feb,1
20210218,2021-02-18,2021,Q1,2,February,7,18,Thursday,False,Feb-2021,49,3,False,False,False,False,Feb,1
20210219,2021-02-19,2021,Q1,2,February,7,19,Friday,False,Feb-2021,50,3,False,False,False,False,Feb,1
20210220,2021-02-20,2021,Q1,2,February,7,20,Saturday,True,Feb-2021,51,3,False,False,False,False,Feb,1
20210221,2021-02-21,2021,Q1,2,February,7,21,Sunday,True,Feb-2021,52,3,False,False,False,False,Feb,1
20210222,2021-02-22,2021,Q1,2,February,8,22,Monday,False,Feb-2021,53,4,False,False,False,False,Feb,1
20210223,2021-02-23,2021,Q1,2,February,8,23,Tuesday,False,Feb-2021,54,4,False,False,False,False,Feb,1
20210224,2021-02-24,2021,Q1,2,February,8,24,Wednesday,False,Feb-2021,55,4,False,False,False,False,Feb,1
20210225,2021-02-25,2021,Q1,2,February,8,25,Thursday,False,Feb-2021,56,4,False,False,False,False,Feb,1
20210226,2021-02-26,2021,Q1,2,February,8,26,Friday,False,Feb-2021,57,4,False,False,False,False,Feb,1
20210227,2021-02-27,2021,Q1,2,February,8,27,Saturday,True,Feb-2021,58,4,False,False,False,False,Feb,1
20210228,2021-02-28,2021,Q1,2,February,8,28,Sunday,True,Feb-2021,59,4,False,True,False,False,Feb,1
20210301,2021-03-01,2021,Q1,3,March,9,1,Monday,False,Mar-2021,60,1,True,False,False,False,Mar,1
20210302,2021-03-02,2021,Q1,3,March,9,2,Tuesday,False,Mar-2021,61,1,False,False,False,False,Mar,1
20210303,2021-03-03,2021,Q1,3,March,9,3,Wednesday,False,Mar-2021,62,1,False,False,False,False,Mar,1
20210304,2021-03-04,2021,Q1,3,March,9,4,Thursday,False,Mar-2021,63,1,False,False,False,False,Mar,1
20210305,2021-03-05,2021,Q1,3,March,9,5,Friday,False,Mar-2021,64,1,False,False,False,False,Mar,1
20210306,2021-03-06,2021,Q1,3,March,9,6,Saturday,True,Mar-2021,65,1,False,False,False,False,Mar,1
20210307,2021-03-07,2021,Q1,3,March,9,7,Sunday,True,Mar-2021,66,1,False,False,False,False,Mar,1
20210308,2021-03-08,2021,Q1,3,March,10,8,Monday,False,Mar-2021,67,2,False,False,False,False,Mar,1
20210309,2021-03-09,2021,Q1,3,March,10,9,Tuesday,False,Mar-2021,68,2,False,False,False,False,Mar,1
20210310,2021-03-10,2021,Q1,3,March,10,10,Wednesday,False,Mar-2021,69,2,False,False,False,False,Mar,1
20210311,2021-03-11,2021,Q1,3,March,10,11,Thursday,False,Mar-2021,70,2,False,False,False,False,Mar,1
20210312,2021-03-12,2021,Q1,3,March,10,12,Friday,False,Mar-2021,71,2,False,False,False,False,Mar,1
20210313,2021-03-13,2021,Q1,3,March,10,13,Saturday,True,Mar-2021,72,2,False,False,False,False,Mar,1
20210314,2021-03-14,2021,Q1,3,March,10,14,Sunday,True,Mar-2021,73,2,False,False,False,False,Mar,1
20210315,2021-03-15,2021,Q1,3,March,11,15,Monday,False,Mar-2021,74,3,False,False,False,False,Mar,1
20210316,2021-03-16,2021,Q1,3,March,11,16,Tuesday,False,Mar-2021,75,3,False,False,False,False,Mar,1
20210317,2021-03-17,2021,Q1,3,March,11,17,Wednesday,False,Mar-2021,76,3,False,False,False,False,Mar,1
20210318,2021-03-18,2021,Q1,3,March,11,18,Thursday,False,Mar-2021,77,3,False,False,False,False,Mar,1
20210319,2021-03-19,2021,Q1,3,March,11,19,Friday,False,Mar-2021,78,3,False,False,False,False,Mar,1
20210320,2021-03-20,2021,Q1,3,March,11,20,Saturday,True,Mar-2021,79,3,False,False,False,False,Mar,1
20210321,2021-03-21,2021,Q1,3,March,11,21,Sunday,True,Mar-2021,80,3,False,False,False,False,Mar,1
20210322,2021-03-22,2021,Q1,3,March,12,22,Monday,False,Mar-2021,81,4,False,False,False,False,Mar,1
20210323,2021-03-23,2021,Q1,3,March,12,23,Tuesday,False,Mar-2021,82,4,False,False,False,False,Mar,1
20210324,2021-03-24,2021,Q1,3,March,12,24,Wednesday,False,Mar-2021,83,4,False,False,False,False,Mar,1
20210325,2021-03-25,2021,Q1,3,March,12,25,Thursday,False,Mar-2021,84,4,False,False,False,False,Mar,1
20210326,2021-03-26,2021,Q1,3,March,12,26,Friday,False,Mar-2021,85,4,False,False,False,False,Mar,1
20210327,2021-03-27,2021,Q1,3,March,12,27,Saturday,True,Mar-2021,86,4,False,False,False,False,Mar,1
20210328,2021-03-28,2021,Q1,3,March,12,28,Sunday,True,Mar-2021,87,4,False,False,False,False,Mar,1
20210329,2021-03-29,2021,Q1,3,March,13,29,Monday,False,Mar-2021,88,5,False,False,False,False,Mar,1
20210330,2021-03-30,2021,Q1,3,March,13,30,Tuesday,False,Mar-2021,89,5,False,False,False,False,Mar,1
20210331,2021-03-31,2021,Q1,3,March,13,31,Wednesday,False,Mar-2021,90,5,False,True,False,True,Mar,1
20210401,2021-04-01,2021,Q2,4,April,13,1,Thursday,False,Apr-2021,91,1,True,False,True,False,Apr,2
20210402,2021-04-02,2021,Q2,4,April,13,2,Friday,False,Apr-2021,92,1,False,False,False,False,Apr,2
20210403,2021-04-03,2021,Q2,4,April,13,3,Saturday,True,Apr-2021,93,1,False,False,False,False,Apr,2
20210404,2021-04-04,2021,Q2,4,April,13,4,Sunday,True,Apr-2021,94,1,False,False,False,False,Apr,2
20210405,2021-04-05,2021,Q2,4,April,14,5,Monday,False,Apr-2021,95,1,False,False,False,False,Apr,2
20210406,2021-04-06,2021,Q2,4,April,14,6,Tuesday,False,Apr-2021,96,1,False,False,False,False,Apr,2
20210407,2021-04-07,2021,Q2,4,April,14,7,Wednesday,False,Apr-2021,97,1,False,False,False,False,Apr,2
20210408,2021-04-08,2021,Q2,4,April,14,8,Thursday,False,Apr-2021,98,2,False,False,False,False,Apr,2
20210409,2021-04-09,2021,Q2,4,April,14,9,Friday,False,Apr-2021,99,2,False,False,False,False,Apr,2
20210410,2021-04-10,2021,Q2,4,April,14,10,Saturday,True,Apr-2021,100,2,False,False,False,False,Apr,2
20210411,2021-04-11,2021,Q2,4,April,14,11,Sunday,True,Apr-2021,101,2,False,False,False,False,Apr,2
20210412,2021-04-12,2021,Q2,4,April,15,12,Monday,False,Apr-2021,102,2,False,False,False,False,Apr,2
20210413,2021-04-13,2021,Q2,4,April,15,13,Tuesday,False,Apr-2021,103,2,False,False,False,False,Apr,2
20210414,2021-04-14,2021,Q2,4,April,15,14,Wednesday,False,Apr-2021,104,2,False,False,False,False,Apr,2
20210415,2021-04-15,2021,Q2,4,April,15,15,Thursday,False,Apr-2021,105,3,False,False,False,False,Apr,2
20210416,2021-04-16,2021,Q2,4,April,15,16,Friday,False,Apr-2021,106,3,False,False,False,False,Apr,2
20210417,2021-04-17,2021,Q2,4,April,15,17,Saturday,True,Apr-2021,107,3,False,False,False,False,Apr,2
20210418,2021-04-18,2021,Q2,4,April,15,18,Sunday,True,Apr-2021,108,3,False,False,False,False,Apr,2
20210419,2021-04-19,2021,Q2,4,April,16,19,Monday,False,Apr-2021,109,3,False,False,False,False,Apr,2
20210420,2021-04-20,2021,Q2,4,April,16,20,Tuesday,False,Apr-2021,110,3,False,False,False,False,Apr,2
20210421,2021-04-21,2021,Q2,4,April,16,21,Wednesday,False,Apr-2021,111,3,False,False,False,False,Apr,2
20210422,2021-04-22,2021,Q2,4,April,16,22,Thursday,False,Apr-2021,112,4,False,False,False,False,Apr,2
20210423,2021-04-23,2021,Q2,4,April,16,23,Friday,False,Apr-2021,113,4,False,False,False,False,Apr,2
20210424,2021-04-24,2021,Q2,4,April,16,24,Saturday,True,Apr-2021,114,4,False,False,False,False,Apr,2
20210425,2021-04-25,2021,Q2,4,April,16,25,Sunday,True,Apr-2021,115,4,False,False,False,False,Apr,2
20210426,2021-04-26,2021,Q2,4,April,17,26,Monday,False,Apr-2021,116,4,False,False,False,False,Apr,2
20210427,2021-04-27,2021,Q2,4,April,17,27,Tuesday,False,Apr-2021,117,4,False,False,False,False,Apr,2
20210428,2021-04-28,2021,Q2,4,April,17,28,Wednesday,False,Apr-2021,118,4,False,False,False,False,Apr,2
20210429,2021-04-29,2021,Q2,4,April,17,29,Thursday,False,Apr-2021,119,5,False,False,False,False,Apr,2
20210430,2021-04-30,2021,Q2,4,April,17,30,Friday,False,Apr-2021,120,5,False,True,False,False,Apr,2
20210501,2021-05-01,2021,Q2,5,May,17,1,Saturday,True,May-2021,121,1,True,False,False,False,May,2
20210502,2021-05-02,2021,Q2,5,May,17,2,Sunday,True,May-2021,122,1,False,False,False,False,May,2
20210503,2021-05-03,2021,Q2,5,May,18,3,Monday,False,May-2021,123,1,False,False,False,False,May,2
20210504,2021-05-04,2021,Q2,5,May,18,4,Tuesday,False,May-2021,124,1,False,False,False,False,May,2
20210505,2021-05-05,2021,Q2,5,May,18,5,Wednesday,False,May-2021,125,1,False,False,False,False,May,2
20210506,2021-05-06,2021,Q2,5,May,18,6,Thursday,False,May-2021,126,1,False,False,False,False,May,2
20210507,2021-05-07,2021,Q2,5,May,18,7,Friday,False,May-2021,127,1,False,False,False,False,May,2
20210508,2021-05-08,2021,Q2,5,May,18,8,Saturday,True,May-2021,128,2,False,False,False,False,May,2
20210509,2021-05-09,2021,Q2,5,May,18,9,Sunday,True,May-2021,129,2,False,False,False,False,May,2
20210510,2021-05-10,2021,Q2,5,May,19,10,Monday,False,May-2021,130,2,False,False,False,False,May,2
20210511,2021-05-11,2021,Q2,5,May,19,11,Tuesday,False,May-2021,131,2,False,False,False,False,May,2
20210512,2021-05-12,2021,Q2,5,May,19,12,Wednesday,False,May-2021,132,2,False,False,False,False,May,2
20210513,2021-05-13,2021,Q2,5,May,19,13,Thursday,False,May-2021,133,2,False,False,False,False,May,2
20210514,2021-05-14,2021,Q2,5,May,19,14,Friday,False,May-2021,134,2,False,False,False,False,May,2
20210515,2021-05-15,2021,Q2,5,May,19,15,Saturday,True,May-2021,135,3,False,False,False,False,May,2
20210516,2021-05-16,2021,Q2,5,May,19,16,Sunday,True,May-2021,136,3,False,False,False,False,May,2
20210517,2021-05-17,2021,Q2,5,May,20,17,Monday,False,May-2021,137,3,False,False,False,False,May,2
20210518,2021-05-18,2021,Q2,5,May,20,18,Tuesday,False,May-2021,138,3,False,False,False,False,May,2
20210519,2021-05-19,2021,Q2,5,May,20,19,Wednesday,False,May-2021,139,3,False,False,False,False,May,2
20210520,2021-05-20,2021,Q2,5,May,20,20,Thursday,False,May-2021,140,3,False,False,False,False,May,2
20210521,2021-05-21,2021,Q2,5,May,20,21,Friday,False,May-2021,141,3,False,False,False,False,May,2
20210522,2021-05-22,2021,Q2,5,May,20,22,Saturday,True,May-2021,142,4,False,False,False,False,May,2
20210523,2021-05-23,2021,Q2,5,May,20,23,Sunday,True,May-2021,143,4,False,False,False,False,May,2
20210524,2021-05-24,2021,Q2,5,May,21,24,Monday,False,May-2021,144,4,False,False,False,False,May,2
20210525,2021-05-25,2021,Q2,5,May,21,25,Tuesday,False,May-2021,145,4,False,False,False,False,May,2
20210526,2021-05-26,2021,Q2,5,May,21,26,Wednesday,False,May-2021,146,4,False,False,False,False,May,2
20210527,2021-05-27,2021,Q2,5,May,21,27,Thursday,False,May-2021,147,4,False,False,False,False,May,2
20210528,2021-05-28,2021,Q2,5,May,21,28,Friday,False,May-2021,148,4,False,False,False,False,May,2
20210529,2021-05-29,2021,Q2,5,May,21,29,Saturday,True,May-2021,149,5,False,False,False,False,May,2
20210530,2021-05-30,2021,Q2,5,May,21,30,Sunday,True,May-2021,150,5,False,False,False,False,May,2
20210531,2021-05-31,2021,Q2,5,May,22,31,Monday,False,May-2021,151,5,False,True,False,False,May,2
20210601,2021-06-01,2021,Q2,6,June,22,1,Tuesday,False,Jun-2021,152,1,True,False,False,False,Jun,2
20210602,2021-06-02,2021,Q2,6,June,22,2,Wednesday,False,Jun-2021,153,1,False,False,False,False,Jun,2
20210603,2021-06-03,2021,Q2,6,June,22,3,Thursday,False,Jun-2021,154,1,False,False,False,False,Jun,2
20210604,2021-06-04,2021,Q2,6,June,22,4,Friday,False,Jun-2021,155,1,False,False,False,False,Jun,2
20210605,2021-06-05,2021,Q2,6,June,22,5,Saturday,True,Jun-2021,156,1,False,False,False,False,Jun,2
20210606,2021-06-06,2021,Q2,6,June,22,6,Sunday,True,Jun-2021,157,1,False,False,False,False,Jun,2
20210607,2021-06-07,2021,Q2,6,June,23,7,Monday,False,Jun-2021,158,1,False,False,False,False,Jun,2
20210608,2021-06-08,2021,Q2,6,June,23,8,Tuesday,False,Jun-2021,159,2,False,False,False,False,Jun,2
20210609,2021-06-09,2021,Q2,6,June,23,9,Wednesday,False,Jun-2021,160,2,False,False,False,False,Jun,2
20210610,2021-06-10,2021,Q2,6,June,23,10,Thursday,False,Jun-2021,161,2,False,False,False,False,Jun,2
20210611,2021-06-11,2021,Q2,6,June,23,11,Friday,False,Jun-2021,162,2,False,False,False,False,Jun,2
20210612,2021-06-12,2021,Q2,6,June,23,12,Saturday,True,Jun-2021,163,2,False,False,False,False,Jun,2
20210613,2021-06-13,2021,Q2,6,June,23,13,Sunday,True,Jun-2021,164,2,False,False,False,False,Jun,2
20210614,2021-06-14,2021,Q2,6,June,24,14,Monday,False,Jun-2021,165,2,False,False,False,False,Jun,2
20210615,2021-06-15,2021,Q2,6,June,24,15,Tuesday,False,Jun-2021,166,3,False,False,False,False,Jun,2
20210616,2021-06-16,2021,Q2,6,June,24,16,Wednesday,False,Jun-2021,167,3,False,False,False,False,Jun,2
20210617,2021-06-17,2021,Q2,6,June,24,17,Thursday,False,Jun-2021,168,3,False,False,False,False,Jun,2
20210618,2021-06-18,2021,Q2,6,June,24,18,Friday,False,Jun-2021,169,3,False,False,False,False,Jun,2
20210619,2021-06-19,2021,Q2,6,June,24,19,Saturday,True,Jun-2021,170,3,False,False,False,False,Jun,2
20210620,2021-06-20,2021,Q2,6,June,24,20,Sunday,True,Jun-2021,171,3,False,False,False,False,Jun,2
20210621,2021-06-21,2021,Q2,6,June,25,21,Monday,False,Jun-2021,172,3,False,False,False,False,Jun,2
20210622,2021-06-22,2021,Q2,6,June,25,22,Tuesday,False,Jun-2021,173,4,False,False,False,False,Jun,2
20210623,2021-06-23,2021,Q2,6,June,25,23,Wednesday,False,Jun-2021,174,4,False,False,False,False,Jun,2
20210624,2021-06-24,2021,Q2,6,June,25,24,Thursday,False,Jun-2021,175,4,False,False,False,False,Jun,2
20210625,2021-06-25,2021,Q2,6,June,25,25,Friday,False,Jun-2021,176,4,False,False,False,False,Jun,2
20210626,2021-06-26,2021,Q2,6,June,25,26,Saturday,True,Jun-2021,177,4,False,False,False,False,Jun,2
20210627,2021-06-27,2021,Q2,6,June,25,27,Sunday,True,Jun-2021,178,4,False,False,False,False,Jun,2
20210628,2021-06-28,2021,Q2,6,June,26,28,Monday,False,Jun-2021,179,4,False,False,False,False,Jun,2
20210629,2021-06-29,2021,Q2,6,June,26,29,Tuesday,False,Jun-2021,180,5,False,False,False,False,Jun,2
20210630,2021-06-30,2021,Q2,6,June,26,30,Wednesday,False,Jun-2021,181,5,False,True,False,True,Jun,2
20210701,2021-07-01,2021,Q3,7,July,26,1,Thursday,False,Jul-2021,182,1,True,False,True,False,Jul,3
20210702,2021-07-02,2021,Q3,7,July,26,2,Friday,False,Jul-2021,183,1,False,False,False,False,Jul,3
20210703,2021-07-03,2021,Q3,7,July,26,3,Saturday,True,Jul-2021,184,1,False,False,False,False,Jul,3
20210704,2021-07-04,2021,Q3,7,July,26,4,Sunday,True,Jul-2021,185,1,False,False,False,False,Jul,3
20210705,2021-07-05,2021,Q3,7,July,27,5,Monday,False,Jul-2021,186,1,False,False,False,False,Jul,3
20210706,2021-07-06,2021,Q3,7,July,27,6,Tuesday,False,Jul-2021,187,1,False,False,False,False,Jul,3
20210707,2021-07-07,2021,Q3,7,July,27,7,Wednesday,False,Jul-2021,188,1,False,False,False,False,Jul,3
20210708,2021-07-08,2021,Q3,7,July,27,8,Thursday,False,Jul-2021,189,2,False,False,False,False,Jul,3
20210709,2021-07-09,2021,Q3,7,July,27,9,Friday,False,Jul-2021,190,2,False,False,False,False,Jul,3
20210710,2021-07-10,2021,Q3,7,July,27,10,Saturday,True,Jul-2021,191,2,False,False,False,False,Jul,3
20210711,2021-07-11,2021,Q3,7,July,27,11,Sunday,True,Jul-2021,192,2,False,False,False,False,Jul,3
20210712,2021-07-12,2021,Q3,7,July,28,12,Monday,False,Jul-2021,193,2,False,False,False,False,Jul,3
20210713,2021-07-13,2021,Q3,7,July,28,13,Tuesday,False,Jul-2021,194,2,False,False,False,False,Jul,3
20210714,2021-07-14,2021,Q3,7,July,28,14,Wednesday,False,Jul-2021,195,2,False,False,False,False,Jul,3
20210715,2021-07-15,2021,Q3,7,July,28,15,Thursday,False,Jul-2021,196,3,False,False,False,False,Jul,3
20210716,2021-07-16,2021,Q3,7,July,28,16,Friday,False,Jul-2021,197,3,False,False,False,False,Jul,3
20210717,2021-07-17,2021,Q3,7,July,28,17,Saturday,True,Jul-2021,198,3,False,False,False,False,Jul,3
20210718,2021-07-18,2021,Q3,7,July,28,18,Sunday,True,Jul-2021,199,3,False,False,False,False,Jul,3
20210719,2021-07-19,2021,Q3,7,July,29,19,Monday,False,Jul-2021,200,3,False,False,False,False,Jul,3
20210720,2021-07-20,2021,Q3,7,July,29,20,Tuesday,False,Jul-2021,201,3,False,False,False,False,Jul,3
20210721,2021-07-21,2021,Q3,7,July,29,21,Wednesday,False,Jul-2021,202,3,False,False,False,False,Jul,3
20210722,2021-07-22,2021,Q3,7,July,29,22,Thursday,False,Jul-2021,203,4,False,False,False,False,Jul,3
20210723,2021-07-23,2021,Q3,7,July,29,23,Friday,False,Jul-2021,204,4,False,False,False,False,Jul,3
20210724,2021-07-24,2021,Q3,7,July,29,24,Saturday,True,Jul-2021,205,4,False,False,False,False,Jul,3
20210725,2021-07-25,2021,Q3,7,July,29,25,Sunday,True,Jul-2021,206,4,False,False,False,False,Jul,3
20210726,2021-07-26,2021,Q3,7,July,30,26,Monday,False,Jul-2021,207,4,False,False,False,False,Jul,3
20210727,2021-07-27,2021,Q3,7,July,30,27,Tuesday,False,Jul-2021,208,4,False,False,False,False,Jul,3
20210728,2021-07-28,2021,Q3,7,July,30,28,Wednesday,False,Jul-2021,209,4,False,False,False,False,Jul,3
20210729,2021-07-29,2021,Q3,7,July,30,29,Thursday,False,Jul-2021,210,5,False,False,False,False,Jul,3
20210730,2021-07-30,2021,Q3,7,July,30,30,Friday,False,Jul-2021,211,5,False,False,False,False,Jul,3
20210731,2021-07-31,2021,Q3,7,July,30,31,Saturday,True,Jul-2021,212,5,False,True,False,False,Jul,3
20210801,2021-08-01,2021,Q3,8,August,30,1,Sunday,True,Aug-2021,213,1,True,False,False,False,Aug,3
20210802,2021-08-02,2021,Q3,8,August,31,2,Monday,False,Aug-2021,214,1,False,False,False,False,Aug,3
20210803,2021-08-03,2021,Q3,8,August,31,3,Tuesday,False,Aug-2021,215,1,False,False,False,False,Aug,3
20210804,2021-08-04,2021,Q3,8,August,31,4,Wednesday,False,Aug-2021,216,1,False,False,False,False,Aug,3
20210805,2021-08-05,2021,Q3,8,August,31,5,Thursday,False,Aug-2021,217,1,False,False,False,False,Aug,3
20210806,2021-08-06,2021,Q3,8,August,31,6,Friday,False,Aug-2021,218,1,False,False,False,False,Aug,3
20210807,2021-08-07,2021,Q3,8,August,31,7,Saturday,True,Aug-2021,219,1,False,False,False,False,Aug,3
20210808,2021-08-08,2021,Q3,8,August,31,8,Sunday,True,Aug-2021,220,2,False,False,False,False,Aug,3
20210809,2021-08-09,2021,Q3,8,August,32,9,Monday,False,Aug-2021,221,2,False,False,False,False,Aug,3
20210810,2021-08-10,2021,Q3,8,August,32,10,Tuesday,False,Aug-2021,222,2,False,False,False,False,Aug,3
20210811,2021-08-11,2021,Q3,8,August,32,11,Wednesday,False,Aug-2021,223,2,False,False,False,False,Aug,3
20210812,2021-08-12,2021,Q3,8,August,32,12,Thursday,False,Aug-2021,224,2,False,False,False,False,Aug,3
20210813,2021-08-13,2021,Q3,8,August,32,13,Friday,False,Aug-2021,225,2,False,False,False,False,Aug,3
20210814,2021-08-14,2021,Q3,8,August,32,14,Saturday,True,Aug-2021,226,2,False,False,False,False,Aug,3
20210815,2021-08-15,2021,Q3,8,August,32,15,Sunday,True,Aug-2021,227,3,False,False,False,False,Aug,3
20210816,2021-08-16,2021,Q3,8,August,33,16,Monday,False,Aug-2021,228,3,False,False,False,False,Aug,3
20210817,2021-08-17,2021,Q3,8,August,33,17,Tuesday,False,Aug-2021,229,3,False,False,False,False,Aug,3
20210818,2021-08-18,2021,Q3,8,August,33,18,Wednesday,False,Aug-2021,230,3,False,False,False,False,Aug,3
20210819,2021-08-19,2021,Q3,8,August,33,19,Thursday,False,Aug-2021,231,3,False,False,False,False,Aug,3
20210820,2021-08-20,2021,Q3,8,August,33,20,Friday,False,Aug-2021,232,3,False,False,False,False,Aug,3
20210821,2021-08-21,2021,Q3,8,August,33,21,Saturday,True,Aug-2021,233,3,False,False,False,False,Aug,3
20210822,2021-08-22,2021,Q3,8,August,33,22,Sunday,True,Aug-2021,234,4,False,False,False,False,Aug,3
20210823,2021-08-23,2021,Q3,8,August,34,23,Monday,False,Aug-2021,235,4,False,False,False,False,Aug,3
20210824,2021-08-24,2021,Q3,8,August,34,24,Tuesday,False,Aug-2021,236,4,False,False,False,False,Aug,3
20210825,2021-08-25,2021,Q3,8,August,34,25,Wednesday,False,Aug-2021,237,4,False,False,False,False,Aug,3
20210826,2021-08-26,2021,Q3,8,August,34,26,Thursday,False,Aug-2021,238,4,False,False,False,False,Aug,3
20210827,2021-08-27,2021,Q3,8,August,34,27,Friday,False,Aug-2021,239,4,False,False,False,False,Aug,3
20210828,2021-08-28,2021,Q3,8,August,34,28,Saturday,True,Aug-2021,240,4,False,False,False,False,Aug,3
20210829,2021-08-29,2021,Q3,8,August,34,29,Sunday,True,Aug-2021,241,5,False,False,False,False,Aug,3
20210830,2021-08-30,2021,Q3,8,August,35,30,Monday,False,Aug-2021,242,5,False,False,False,False,Aug,3
20210831,2021-08-31,2021,Q3,8,August,35,31,Tuesday,False,Aug-2021,243,5,False,True,False,False,Aug,3
20210901,2021-09-01,2021,Q3,9,September,35,1,Wednesday,False,Sep-2021,244,1,True,False,False,False,Sep,3
20210902,2021-09-02,2021,Q3,9,September,35,2,Thursday,False,Sep-2021,245,1,False,False,False,False,Sep,3
20210903,2021-09-03,2021,Q3,9,September,35,3,Friday,False,Sep-2021,246,1,False,False,False,False,Sep,3
20210904,2021-09-04,2021,Q3,9,September,35,4,Saturday,True,Sep-2021,247,1,False,False,False,False,Sep,3
20210905,2021-09-05,2021,Q3,9,September,35,5,Sunday,True,Sep-2021,248,1,False,False,False,False,Sep,3
20210906,2021-09-06,2021,Q3,9,September,36,6,Monday,False,Sep-2021,249,1,False,False,False,False,Sep,3
20210907,2021-09-07,2021,Q3,9,September,36,7,Tuesday,False,Sep-2021,250,1,False,False,False,False,Sep,3
20210908,2021-09-08,2021,Q3,9,September,36,8,Wednesday,False,Sep-2021,251,2,False,False,False,False,Sep,3
20210909,2021-09-09,2021,Q3,9,September,36,9,Thursday,False,Sep-2021,252,2,False,False,False,False,Sep,3
20210910,2021-09-10,2021,Q3,9,September,36,10,Friday,False,Sep-2021,253,2,False,False,False,False,Sep,3
20210911,2021-09-11,2021,Q3,9,September,36,11,Saturday,True,Sep-2021,254,2,False,False,False,False,Sep,3
20210912,2021-09-12,2021,Q3,9,September,36,12,Sunday,True,Sep-2021,255,2,False,False,False,False,Sep,3
20210913,2021-09-13,2021,Q3,9,September,37,13,Monday,False,Sep-2021,256,2,False,False,False,False,Sep,3
20210914,2021-09-14,2021,Q3,9,September,37,14,Tuesday,False,Sep-2021,257,2,False,False,False,False,Sep,3
20210915,2021-09-15,2021,Q3,9,September,37,15,Wednesday,False,Sep-2021,258,3,False,False,False,False,Sep,3
20210916,2021-09-16,2021,Q3,9,September,37,16,Thursday,False,Sep-2021,259,3,False,False,False,False,Sep,3
20210917,2021-09-17,2021,Q3,9,September,37,17,Friday,False,Sep-2021,260,3,False,False,False,False,Sep,3
20210918,2021-09-18,2021,Q3,9,September,37,18,Saturday,True,Sep-2021,261,3,False,False,False,False,Sep,3
20210919,2021-09-19,2021,Q3,9,September,37,19,Sunday,True,Sep-2021,262,3,False,False,False,False,Sep,3
20210920,2021-09-20,2021,Q3,9,September,38,20,Monday,False,Sep-2021,263,3,False,False,False,False,Sep,3
20210921,2021-09-21,2021,Q3,9,September,38,21,Tuesday,False,Sep-2021,264,3,False,False,False,False,Sep,3
20210922,2021-09-22,2021,Q3,9,September,38,22,Wednesday,False,Sep-2021,265,4,False,False,False,False,Sep,3
20210923,2021-09-23,2021,Q3,9,September,38,23,Thursday,False,Sep-2021,266,4,False,False,False,False,Sep,3
20210924,2021-09-24,2021,Q3,9,September,38,24,Friday,False,Sep-2021,267,4,False,False,False,False,Sep,3
20210925,2021-09-25,2021,Q3,9,September,38,25,Saturday,True,Sep-2021,268,4,False,False,False,False,Sep,3
20210926,2021-09-26,2021,Q3,9,September,38,26,Sunday,True,Sep-2021,269,4,False,False,False,False,Sep,3
20210927,2021-09-27,2021,Q3,9,September,39,27,Monday,False,Sep-2021,270,4,False,False,False,False,Sep,3
20210928,2021-09-28,2021,Q3,9,September,39,28,Tuesday,False,Sep-2021,271,4,False,False,False,False,Sep,3
20210929,2021-09-29,2021,Q3,9,September,39,29,Wednesday,False,Sep-2021,272,5,False,False,False,False,Sep,3
20210930,2021-09-30,2021,Q3,9,September,39,30,Thursday,False,Sep-2021,273,5,False,True,False,True,Sep,3
20211001,2021-10-01,2021,Q4,10,October,39,1,Friday,False,Oct-2021,274,1,True,False,True,False,Oct,4
20211002,2021-10-02,2021,Q4,10,October,39,2,Saturday,True,Oct-2021,275,1,False,False,False,False,Oct,4
20211003,2021-10-03,2021,Q4,10,October,39,3,Sunday,True,Oct-2021,276,1,False,False,False,False,Oct,4
20211004,2021-10-04,2021,Q4,10,October,40,4,Monday,False,Oct-2021,277,1,False,False,False,False,Oct,4
20211005,2021-10-05,2021,Q4,10,October,40,5,Tuesday,False,Oct-2021,278,1,False,False,False,False,Oct,4
20211006,2021-10-06,2021,Q4,10,October,40,6,Wednesday,False,Oct-2021,279,1,False,False,False,False,Oct,4
20211007,2021-10-07,2021,Q4,10,October,40,7,Thursday,False,Oct-2021,280,1,False,False,False,False,Oct,4
20211008,2021-10-08,2021,Q4,10,October,40,8,Friday,False,Oct-2021,281,2,False,False,False,False,Oct,4
20211009,2021-10-09,2021,Q4,10,October,40,9,Saturday,True,Oct-2021,282,2,False,False,False,False,Oct,4
20211010,2021-10-10,2021,Q4,10,October,40,10,Sunday,True,Oct-2021,283,2,False,False,False,False,Oct,4
20211011,2021-10-11,2021,Q4,10,October,41,11,Monday,False,Oct-2021,284,2,False,False,False,False,Oct,4
20211012,2021-10-12,2021,Q4,10,October,41,12,Tuesday,False,Oct-2021,285,2,False,False,False,False,Oct,4
20211013,2021-10-13,2021,Q4,10,October,41,13,Wednesday,False,Oct-2021,286,2,False,False,False,False,Oct,4
20211014,2021-10-14,2021,Q4,10,October,41,14,Thursday,False,Oct-2021,287,2,False,False,False,False,Oct,4
20211015,2021-10-15,2021,Q4,10,October,41,15,Friday,False,Oct-2021,288,3,False,False,False,False,Oct,4
20211016,2021-10-16,2021,Q4,10,October,41,16,Saturday,True,Oct-2021,289,3,False,False,False,False,Oct,4
20211017,2021-10-17,2021,Q4,10,October,41,17,Sunday,True,Oct-2021,290,3,False,False,False,False,Oct,4
20211018,2021-10-18,2021,Q4,10,October,42,18,Monday,False,Oct-2021,291,3,False,False,False,False,Oct,4
20211019,2021-10-19,2021,Q4,10,October,42,19,Tuesday,False,Oct-2021,292,3,False,False,False,False,Oct,4
20211020,2021-10-20,2021,Q4,10,October,42,20,Wednesday,False,Oct-2021,293,3,False,False,False,False,Oct,4
20211021,2021-10-21,2021,Q4,10,October,42,21,Thursday,False,Oct-2021,294,3,False,False,False,False,Oct,4
20211022,2021-10-22,2021,Q4,10,October,42,22,Friday,False,Oct-2021,295,4,False,False,False,False,Oct,4
20211023,2021-10-23,2021,Q4,10,October,42,23,Saturday,True,Oct-2021,296,4,False,False,False,False,Oct,4
20211024,2021-10-24,2021,Q4,10,October,42,24,Sunday,True,Oct-2021,297,4,False,False,False,False,Oct,4
20211025,2021-10-25,2021,Q4,10,October,43,25,Monday,False,Oct-2021,298,4,False,False,False,False,Oct,4
20211026,2021-10-26,2021,Q4,10,October,43,26,Tuesday,False,Oct-2021,299,4,False,False,False,False,Oct,4
20211027,2021-10-27,2021,Q4,10,October,43,27,Wednesday,False,Oct-2021,300,4,False,False,False,False,Oct,4
20211028,2021-10-28,2021,Q4,10,October,43,28,Thursday,False,Oct-2021,301,4,False,False,False,False,Oct,4
20211029,2021-10-29,2021,Q4,10,October,43,29,Friday,False,Oct-2021,302,5,False,False,False,False,Oct,4
20211030,2021-10-30,2021,Q4,10,October,43,30,Saturday,True,Oct-2021,303,5,False,False,False,False,Oct,4
20211031,2021-10-31,2021,Q4,10,October,43,31,Sunday,True,Oct-2021,304,5,False,True,False,False,Oct,4
20211101,2021-11-01,2021,Q4,11,November,44,1,Monday,False,Nov-2021,305,1,True,False,False,False,Nov,4
20211102,2021-11-02,2021,Q4,11,November,44,2,Tuesday,False,Nov-2021,306,1,False,False,False,False,Nov,4
20211103,2021-11-03,2021,Q4,11,November,44,3,Wednesday,False,Nov-2021,307,1,False,False,False,False,Nov,4
20211104,2021-11-04,2021,Q4,11,November,44,4,Thursday,False,Nov-2021,308,1,False,False,False,False,Nov,4
20211105,2021-11-05,2021,Q4,11,November,44,5,Friday,False,Nov-2021,309,1,False,False,False,False,Nov,4
20211106,2021-11-06,2021,Q4,11,November,44,6,Saturday,True,Nov-2021,310,1,False,False,False,False,Nov,4
20211107,2021-11-07,2021,Q4,11,November,44,7,Sunday,True,Nov-2021,311,1,False,False,False,False,Nov,4
20211108,2021-11-08,2021,Q4,11,November,45,8,Monday,False,Nov-2021,312,2,False,False,False,False,Nov,4
20211109,2021-11-09,2021,Q4,11,November,45,9,Tuesday,False,Nov-2021,313,2,False,False,False,False,Nov,4
20211110,2021-11-10,2021,Q4,11,November,45,10,Wednesday,False,Nov-2021,314,2,False,False,False,False,Nov,4
20211111,2021-11-11,2021,Q4,11,November,45,11,Thursday,False,Nov-2021,315,2,False,False,False,False,Nov,4
20211112,2021-11-12,2021,Q4,11,November,45,12,Friday,False,Nov-2021,316,2,False,False,False,False,Nov,4
20211113,2021-11-13,2021,Q4,11,November,45,13,Saturday,True,Nov-2021,317,2,False,False,False,False,Nov,4
20211114,2021-11-14,2021,Q4,11,November,45,14,Sunday,True,Nov-2021,318,2,False,False,False,False,Nov,4
20211115,2021-11-15,2021,Q4,11,November,46,15,Monday,False,Nov-2021,319,3,False,False,False,False,Nov,4
20211116,2021-11-16,2021,Q4,11,November,46,16,Tuesday,False,Nov-2021,320,3,False,False,False,False,Nov,4
20211117,2021-11-17,2021,Q4,11,November,46,17,Wednesday,False,Nov-2021,321,3,False,False,False,False,Nov,4
20211118,2021-11-18,2021,Q4,11,November,46,18,Thursday,False,Nov-2021,322,3,False,False,False,False,Nov,4
20211119,2021-11-19,2021,Q4,11,November,46,19,Friday,False,Nov-2021,323,3,False,False,False,False,Nov,4
20211120,2021-11-20,2021,Q4,11,November,46,20,Saturday,True,Nov-2021,324,3,False,False,False,False,Nov,4
20211121,2021-11-21,2021,Q4,11,November,46,21,Sunday,True,Nov-2021,325,3,False,False,False,False,Nov,4
20211122,2021-11-22,2021,Q4,11,November,47,22,Monday,False,Nov-2021,326,4,False,False,False,False,Nov,4
20211123,2021-11-23,2021,Q4,11,November,47,23,Tuesday,False,Nov-2021,327,4,False,False,False,False,Nov,4
20211124,2021-11-24,2021,Q4,11,November,47,24,Wednesday,False,Nov-2021,328,4,False,False,False,False,Nov,4
20211125,2021-11-25,2021,Q4,11,November,47,25,Thursday,False,Nov-2021,329,4,False,False,False,False,Nov,4
20211126,2021-11-26,2021,Q4,11,November,47,26,Friday,False,Nov-2021,330,4,False,False,False,False,Nov,4
20211127,2021-11-27,2021,Q4,11,November,47,27,Saturday,True,Nov-2021,331,4,False,False,False,False,Nov,4
20211128,2021-11-28,2021,Q4,11,November,47,28,Sunday,True,Nov-2021,332,4,False,False,False,False,Nov,4
20211129,2021-11-29,2021,Q4,11,November,48,29,Monday,False,Nov-2021,333,5,False,False,False,False,Nov,4
20211130,2021-11-30,2021,Q4,11,November,48,30,Tuesday,False,Nov-2021,334,5,False,True,False,False,Nov,4
20211201,2021-12-01,2021,Q4,12,December,48,1,Wednesday,False,Dec-2021,335,1,True,False,False,False,Dec,4
20211202,2021-12-02,2021,Q4,12,December,48,2,Thursday,False,Dec-2021,336,1,False,False,False,False,Dec,4
20211203,2021-12-03,2021,Q4,12,December,48,3,Friday,False,Dec-2021,337,1,False,False,False,False,Dec,4
20211204,2021-12-04,2021,Q4,12,December,48,4,Saturday,True,Dec-2021,338,1,False,False,False,False,Dec,4
20211205,2021-12-05,2021,Q4,12,December,48,5,Sunday,True,Dec-2021,339,1,False,False,False,False,Dec,4
20211206,2021-12-06,2021,Q4,12,December,49,6,Monday,False,Dec-2021,340,1,False,False,False,False,Dec,4
20211207,2021-12-07,2021,Q4,12,December,49,7,Tuesday,False,Dec-2021,341,1,False,False,False,False,Dec,4
20211208,2021-12-08,2021,Q4,12,December,49,8,Wednesday,False,Dec-2021,342,2,False,False,False,False,Dec,4
20211209,2021-12-09,2021,Q4,12,December,49,9,Thursday,False,Dec-2021,343,2,False,False,False,False,Dec,4
20211210,2021-12-10,2021,Q4,12,December,49,10,Friday,False,Dec-2021,344,2,False,False,False,False,Dec,4
20211211,2021-12-11,2021,Q4,12,December,49,11,Saturday,True,Dec-2021,345,2,False,False,False,False,Dec,4
20211212,2021-12-12,2021,Q4,12,December,49,12,Sunday,True,Dec-2021,346,2,False,False,False,False,Dec,4
20211213,2021-12-13,2021,Q4,12,December,50,13,Monday,False,Dec-2021,347,2,False,False,False,False,Dec,4
20211214,2021-12-14,2021,Q4,12,December,50,14,Tuesday,False,Dec-2021,348,2,False,False,False,False,Dec,4
20211215,2021-12-15,2021,Q4,12,December,50,15,Wednesday,False,Dec-2021,349,3,False,False,False,False,Dec,4
20211216,2021-12-16,2021,Q4,12,December,50,16,Thursday,False,Dec-2021,350,3,False,False,False,False,Dec,4
20211217,2021-12-17,2021,Q4,12,December,50,17,Friday,False,Dec-2021,351,3,False,False,False,False,Dec,4
20211218,2021-12-18,2021,Q4,12,December,50,18,Saturday,True,Dec-2021,352,3,False,False,False,False,Dec,4
20211219,2021-12-19,2021,Q4,12,December,50,19,Sunday,True,Dec-2021,353,3,False,False,False,False,Dec,4
20211220,2021-12-20,2021,Q4,12,December,51,20,Monday,False,Dec-2021,354,3,False,False,False,False,Dec,4
20211221,2021-12-21,2021,Q4,12,December,51,21,Tuesday,False,Dec-2021,355,3,False,False,False,False,Dec,4
20211222,2021-12-22,2021,Q4,12,December,51,22,Wednesday,False,Dec-2021,356,4,False,False,False,False,Dec,4
20211223,2021-12-23,2021,Q4,12,December,51,23,Thursday,False,Dec-2021,357,4,False,False,False,False,Dec,4
20211224,2021-12-24,2021,Q4,12,December,51,24,Friday,False,Dec-2021,358,4,False,False,False,False,Dec,4
20211225,2021-12-25,2021,Q4,12,December,51,25,Saturday,True,Dec-2021,359,4,False,False,False,False,Dec,4
20211226,2021-12-26,2021,Q4,12,December,51,26,Sunday,True,Dec-2021,360,4,False,False,False,False,Dec,4
20211227,2021-12-27,2021,Q4,12,December,52,27,Monday,False,Dec-2021,361,4,False,False,False,False,Dec,4
20211228,2021-12-28,2021,Q4,12,December,52,28,Tuesday,False,Dec-2021,362,4,False,False,False,False,Dec,4
20211229,2021-12-29,2021,Q4,12,December,52,29,Wednesday,False,Dec-2021,363,5,False,False,False,False,Dec,4
20211230,2021-12-30,2021,Q4,12,December,52,30,Thursday,False,Dec-2021,364,5,False,False,False,False,Dec,4
20211231,2021-12-31,2021,Q4,12,December,52,31,Friday,False,Dec-2021,365,5,False,True,False,True,Dec,4
20220101,2022-01-01,2022,Q1,1,January,52,1,Saturday,True,Jan-2022,1,1,True,False,True,False,Jan,1
20220102,2022-01-02,2022,Q1,1,January,52,2,Sunday,True,Jan-2022,2,1,False,False,False,False,Jan,1
20220103,2022-01-03,2022,Q1,1,January,1,3,Monday,False,Jan-2022,3,1,False,False,False,False,Jan,1
20220104,2022-01-04,2022,Q1,1,January,1,4,Tuesday,False,Jan-2022,4,1,False,False,False,False,Jan,1
20220105,2022-01-05,2022,Q1,1,January,1,5,Wednesday,False,Jan-2022,5,1,False,False,False,False,Jan,1
20220106,2022-01-06,2022,Q1,1,January,1,6,Thursday,False,Jan-2022,6,1,False,False,False,False,Jan,1
20220107,2022-01-07,2022,Q1,1,January,1,7,Friday,False,Jan-2022,7,1,False,False,False,False,Jan,1
20220108,2022-01-08,2022,Q1,1,January,1,8,Saturday,True,Jan-2022,8,2,False,False,False,False,Jan,1
20220109,2022-01-09,2022,Q1,1,January,1,9,Sunday,True,Jan-2022,9,2,False,False,False,False,Jan,1
20220110,2022-01-10,2022,Q1,1,January,2,10,Monday,False,Jan-2022,10,2,False,False,False,False,Jan,1
20220111,2022-01-11,2022,Q1,1,January,2,11,Tuesday,False,Jan-2022,11,2,False,False,False,False,Jan,1
20220112,2022-01-12,2022,Q1,1,January,2,12,Wednesday,False,Jan-2022,12,2,False,False,False,False,Jan,1
20220113,2022-01-13,2022,Q1,1,January,2,13,Thursday,False,Jan-2022,13,2,False,False,False,False,Jan,1
20220114,2022-01-14,2022,Q1,1,January,2,14,Friday,False,Jan-2022,14,2,False,False,False,False,Jan,1
20220115,2022-01-15,2022,Q1,1,January,2,15,Saturday,True,Jan-2022,15,3,False,False,False,False,Jan,1
20220116,2022-01-16,2022,Q1,1,January,2,16,Sunday,True,Jan-2022,16,3,False,False,False,False,Jan,1
20220117,2022-01-17,2022,Q1,1,January,3,17,Monday,False,Jan-2022,17,3,False,False,False,False,Jan,1
20220118,2022-01-18,2022,Q1,1,January,3,18,Tuesday,False,Jan-2022,18,3,False,False,False,False,Jan,1
20220119,2022-01-19,2022,Q1,1,January,3,19,Wednesday,False,Jan-2022,19,3,False,False,False,False,Jan,1
20220120,2022-01-20,2022,Q1,1,January,3,20,Thursday,False,Jan-2022,20,3,False,False,False,False,Jan,1
20220121,2022-01-21,2022,Q1,1,January,3,21,Friday,False,Jan-2022,21,3,False,False,False,False,Jan,1
20220122,2022-01-22,2022,Q1,1,January,3,22,Saturday,True,Jan-2022,22,4,False,False,False,False,Jan,1
20220123,2022-01-23,2022,Q1,1,January,3,23,Sunday,True,Jan-2022,23,4,False,False,False,False,Jan,1
20220124,2022-01-24,2022,Q1,1,January,4,24,Monday,False,Jan-2022,24,4,False,False,False,False,Jan,1
20220125,2022-01-25,2022,Q1,1,January,4,25,Tuesday,False,Jan-2022,25,4,False,False,False,False,Jan,1
20220126,2022-01-26,2022,Q1,1,January,4,26,Wednesday,False,Jan-2022,26,4,False,False,False,False,Jan,1
20220127,2022-01-27,2022,Q1,1,January,4,27,Thursday,False,Jan-2022,27,4,False,False,False,False,Jan,1
20220128,2022-01-28,2022,Q1,1,January,4,28,Friday,False,Jan-2022,28,4,False,False,False,False,Jan,1
20220129,2022-01-29,2022,Q1,1,January,4,29,Saturday,True,Jan-2022,29,5,False,False,False,False,Jan,1
20220130,2022-01-30,2022,Q1,1,January,4,30,Sunday,True,Jan-2022,30,5,False,False,False,False,Jan,1
20220131,2022-01-31,2022,Q1,1,January,5,31,Monday,False,Jan-2022,31,5,False,True,False,False,Jan,1
20220201,2022-02-01,2022,Q1,2,February,5,1,Tuesday,False,Feb-2022,32,1,True,False,False,False,Feb,1
20220202,2022-02-02,2022,Q1,2,February,5,2,Wednesday,False,Feb-2022,33,1,False,False,False,False,Feb,1
20220203,2022-02-03,2022,Q1,2,February,5,3,Thursday,False,Feb-2022,34,1,False,False,False,False,Feb,1
20220204,2022-02-04,2022,Q1,2,February,5,4,Friday,False,Feb-2022,35,1,False,False,False,False,Feb,1
20220205,2022-02-05,2022,Q1,2,February,5,5,Saturday,True,Feb-2022,36,1,False,False,False,False,Feb,1
20220206,2022-02-06,2022,Q1,2,February,5,6,Sunday,True,Feb-2022,37,1,False,False,False,False,Feb,1
20220207,2022-02-07,2022,Q1,2,February,6,7,Monday,False,Feb-2022,38,1,False,False,False,False,Feb,1
20220208,2022-02-08,2022,Q1,2,February,6,8,Tuesday,False,Feb-2022,39,2,False,False,False,False,Feb,1
20220209,2022-02-09,2022,Q1,2,February,6,9,Wednesday,False,Feb-2022,40,2,False,False,False,False,Feb,1
20220210,2022-02-10,2022,Q1,2,February,6,10,Thursday,False,Feb-2022,41,2,False,False,False,False,Feb,1
20220211,2022-02-11,2022,Q1,2,February,6,11,Friday,False,Feb-2022,42,2,False,False,False,False,Feb,1
20220212,2022-02-12,2022,Q1,2,February,6,12,Saturday,True,Feb-2022,43,2,False,False,False,False,Feb,1
20220213,2022-02-13,2022,Q1,2,February,6,13,Sunday,True,Feb-2022,44,2,False,False,False,False,Feb,1
20220214,2022-02-14,2022,Q1,2,February,7,14,Monday,False,Feb-2022,45,2,False,False,False,False,Feb,1
20220215,2022-02-15,2022,Q1,2,February,7,15,Tuesday,False,Feb-2022,46,3,False,False,False,False,Feb,1
20220216,2022-02-16,2022,Q1,2,February,7,16,Wednesday,False,Feb-2022,47,3,False,False,False,False,Feb,1
20220217,2022-02-17,2022,Q1,2,February,7,17,Thursday,False,Feb-2022,48,3,False,False,False,False,Feb,1
20220218,2022-02-18,2022,Q1,2,February,7,18,Friday,False,Feb-2022,49,3,False,False,False,False,Feb,1
20220219,2022-02-19,2022,Q1,2,February,7,19,Saturday,True,Feb-2022,50,3,False,False,False,False,Feb,1
20220220,2022-02-20,2022,Q1,2,February,7,20,Sunday,True,Feb-2022,51,3,False,False,False,False,Feb,1
20220221,2022-02-21,2022,Q1,2,February,8,21,Monday,False,Feb-2022,52,3,False,False,False,False,Feb,1
20220222,2022-02-22,2022,Q1,2,February,8,22,Tuesday,False,Feb-2022,53,4,False,False,False,False,Feb,1
20220223,2022-02-23,2022,Q1,2,February,8,23,Wednesday,False,Feb-2022,54,4,False,False,False,False,Feb,1
20220224,2022-02-24,2022,Q1,2,February,8,24,Thursday,False,Feb-2022,55,4,False,False,False,False,Feb,1
20220225,2022-02-25,2022,Q1,2,February,8,25,Friday,False,Feb-2022,56,4,False,False,False,False,Feb,1
20220226,2022-02-26,2022,Q1,2,February,8,26,Saturday,True,Feb-2022,57,4,False,False,False,False,Feb,1
20220227,2022-02-27,2022,Q1,2,February,8,27,Sunday,True,Feb-2022,58,4,False,False,False,False,Feb,1
20220228,2022-02-28,2022,Q1,2,February,9,28,Monday,False,Feb-2022,59,4,False,True,False,False,Feb,1
20220301,2022-03-01,2022,Q1,3,March,9,1,Tuesday,False,Mar-2022,60,1,True,False,False,False,Mar,1
20220302,2022-03-02,2022,Q1,3,March,9,2,Wednesday,False,Mar-2022,61,1,False,False,False,False,Mar,1
20220303,2022-03-03,2022,Q1,3,March,9,3,Thursday,False,Mar-2022,62,1,False,False,False,False,Mar,1
20220304,2022-03-04,2022,Q1,3,March,9,4,Friday,False,Mar-2022,63,1,False,False,False,False,Mar,1
20220305,2022-03-05,2022,Q1,3,March,9,5,Saturday,True,Mar-2022,64,1,False,False,False,False,Mar,1
20220306,2022-03-06,2022,Q1,3,March,9,6,Sunday,True,Mar-2022,65,1,False,False,False,False,Mar,1
20220307,2022-03-07,2022,Q1,3,March,10,7,Monday,False,Mar-2022,66,1,False,False,False,False,Mar,1
20220308,2022-03-08,2022,Q1,3,March,10,8,Tuesday,False,Mar-2022,67,2,False,False,False,False,Mar,1
20220309,2022-03-09,2022,Q1,3,March,10,9,Wednesday,False,Mar-2022,68,2,False,False,False,False,Mar,1
20220310,2022-03-10,2022,Q1,3,March,10,10,Thursday,False,Mar-2022,69,2,False,False,False,False,Mar,1
20220311,2022-03-11,2022,Q1,3,March,10,11,Friday,False,Mar-2022,70,2,False,False,False,False,Mar,1
20220312,2022-03-12,2022,Q1,3,March,10,12,Saturday,True,Mar-2022,71,2,False,False,False,False,Mar,1
20220313,2022-03-13,2022,Q1,3,March,10,13,Sunday,True,Mar-2022,72,2,False,False,False,False,Mar,1
20220314,2022-03-14,2022,Q1,3,March,11,14,Monday,False,Mar-2022,73,2,False,False,False,False,Mar,1
20220315,2022-03-15,2022,Q1,3,March,11,15,Tuesday,False,Mar-2022,74,3,False,False,False,False,Mar,1
20220316,2022-03-16,2022,Q1,3,March,11,16,Wednesday,False,Mar-2022,75,3,False,False,False,False,Mar,1
20220317,2022-03-17,2022,Q1,3,March,11,17,Thursday,False,Mar-2022,76,3,False,False,False,False,Mar,1
20220318,2022-03-18,2022,Q1,3,March,11,18,Friday,False,Mar-2022,77,3,False,False,False,False,Mar,1
20220319,2022-03-19,2022,Q1,3,March,11,19,Saturday,True,Mar-2022,78,3,False,False,False,False,Mar,1
20220320,2022-03-20,2022,Q1,3,March,11,20,Sunday,True,Mar-2022,79,3,False,False,False,False,Mar,1
20220321,2022-03-21,2022,Q1,3,March,12,21,Monday,False,Mar-2022,80,3,False,False,False,False,Mar,1
20220322,2022-03-22,2022,Q1,3,March,12,22,Tuesday,False,Mar-2022,81,4,False,False,False,False,Mar,1
20220323,2022-03-23,2022,Q1,3,March,12,23,Wednesday,False,Mar-2022,82,4,False,False,False,False,Mar,1
20220324,2022-03-24,2022,Q1,3,March,12,24,Thursday,False,Mar-2022,83,4,False,False,False,False,Mar,1
20220325,2022-03-25,2022,Q1,3,March,12,25,Friday,False,Mar-2022,84,4,False,False,False,False,Mar,1
20220326,2022-03-26,2022,Q1,3,March,12,26,Saturday,True,Mar-2022,85,4,False,False,False,False,Mar,1
20220327,2022-03-27,2022,Q1,3,March,12,27,Sunday,True,Mar-2022,86,4,False,False,False,False,Mar,1
20220328,2022-03-28,2022,Q1,3,March,13,28,Monday,False,Mar-2022,87,4,False,False,False,False,Mar,1
20220329,2022-03-29,2022,Q1,3,March,13,29,Tuesday,False,Mar-2022,88,5,False,False,False,False,Mar,1
20220330,2022-03-30,2022,Q1,3,March,13,30,Wednesday,False,Mar-2022,89,5,False,False,False,False,Mar,1
20220331,2022-03-31,2022,Q1,3,March,13,31,Thursday,False,Mar-2022,90,5,False,True,False,True,Mar,1
20220401,2022-04-01,2022,Q2,4,April,13,1,Friday,False,Apr-2022,91,1,True,False,True,False,Apr,2
20220402,2022-04-02,2022,Q2,4,April,13,2,Saturday,True,Apr-2022,92,1,False,False,False,False,Apr,2
20220403,2022-04-03,2022,Q2,4,April,13,3,Sunday,True,Apr-2022,93,1,False,False,False,False,Apr,2
20220404,2022-04-04,2022,Q2,4,April,14,4,Monday,False,Apr-2022,94,1,False,False,False,False,Apr,2
20220405,2022-04-05,2022,Q2,4,April,14,5,Tuesday,False,Apr-2022,95,1,False,False,False,False,Apr,2
20220406,2022-04-06,2022,Q2,4,April,14,6,Wednesday,False,Apr-2022,96,1,False,False,False,False,Apr,2
20220407,2022-04-07,2022,Q2,4,April,14,7,Thursday,False,Apr-2022,97,1,False,False,False,False,Apr,2
20220408,2022-04-08,2022,Q2,4,April,14,8,Friday,False,Apr-2022,98,2,False,False,False,False,Apr,2
20220409,2022-04-09,2022,Q2,4,April,14,9,Saturday,True,Apr-2022,99,2,False,False,False,False,Apr,2
20220410,2022-04-10,2022,Q2,4,April,14,10,Sunday,True,Apr-2022,100,2,False,False,False,False,Apr,2
20220411,2022-04-11,2022,Q2,4,April,15,11,Monday,False,Apr-2022,101,2,False,False,False,False,Apr,2
20220412,2022-04-12,2022,Q2,4,April,15,12,Tuesday,False,Apr-2022,102,2,False,False,False,False,Apr,2
20220413,2022-04-13,2022,Q2,4,April,15,13,Wednesday,False,Apr-2022,103,2,False,False,False,False,Apr,2
20220414,2022-04-14,2022,Q2,4,April,15,14,Thursday,False,Apr-2022,104,2,False,False,False,False,Apr,2
20220415,2022-04-15,2022,Q2,4,April,15,15,Friday,False,Apr-2022,105,3,False,False,False,False,Apr,2
20220416,2022-04-16,2022,Q2,4,April,15,16,Saturday,True,Apr-2022,106,3,False,False,False,False,Apr,2
20220417,2022-04-17,2022,Q2,4,April,15,17,Sunday,True,Apr-2022,107,3,False,False,False,False,Apr,2
20220418,2022-04-18,2022,Q2,4,April,16,18,Monday,False,Apr-2022,108,3,False,False,False,False,Apr,2
20220419,2022-04-19,2022,Q2,4,April,16,19,Tuesday,False,Apr-2022,109,3,False,False,False,False,Apr,2
20220420,2022-04-20,2022,Q2,4,April,16,20,Wednesday,False,Apr-2022,110,3,False,False,False,False,Apr,2
20220421,2022-04-21,2022,Q2,4,April,16,21,Thursday,False,Apr-2022,111,3,False,False,False,False,Apr,2
20220422,2022-04-22,2022,Q2,4,April,16,22,Friday,False,Apr-2022,112,4,False,False,False,False,Apr,2
20220423,2022-04-23,2022,Q2,4,April,16,23,Saturday,True,Apr-2022,113,4,False,False,False,False,Apr,2
20220424,2022-04-24,2022,Q2,4,April,16,24,Sunday,True,Apr-2022,114,4,False,False,False,False,Apr,2
20220425,2022-04-25,2022,Q2,4,April,17,25,Monday,False,Apr-2022,115,4,False,False,False,False,Apr,2
20220426,2022-04-26,2022,Q2,4,April,17,26,Tuesday,False,Apr-2022,116,4,False,False,False,False,Apr,2
20220427,2022-04-27,2022,Q2,4,April,17,27,Wednesday,False,Apr-2022,117,4,False,False,False,False,Apr,2
20220428,2022-04-28,2022,Q2,4,April,17,28,Thursday,False,Apr-2022,118,4,False,False,False,False,Apr,2
20220429,2022-04-29,2022,Q2,4,April,17,29,Friday,False,Apr-2022,119,5,False,False,False,False,Apr,2
20220430,2022-04-30,2022,Q2,4,April,17,30,Saturday,True,Apr-2022,120,5,False,True,False,False,Apr,2
20220501,2022-05-01,2022,Q2,5,May,17,1,Sunday,True,May-2022,121,1,True,False,False,False,May,2
20220502,2022-05-02,2022,Q2,5,May,18,2,Monday,False,May-2022,122,1,False,False,False,False,May,2
20220503,2022-05-03,2022,Q2,5,May,18,3,Tuesday,False,May-2022,123,1,False,False,False,False,May,2
20220504,2022-05-04,2022,Q2,5,May,18,4,Wednesday,False,May-2022,124,1,False,False,False,False,May,2
20220505,2022-05-05,2022,Q2,5,May,18,5,Thursday,False,May-2022,125,1,False,False,False,False,May,2
20220506,2022-05-06,2022,Q2,5,May,18,6,Friday,False,May-2022,126,1,False,False,False,False,May,2
20220507,2022-05-07,2022,Q2,5,May,18,7,Saturday,True,May-2022,127,1,False,False,False,False,May,2
20220508,2022-05-08,2022,Q2,5,May,18,8,Sunday,True,May-2022,128,2,False,False,False,False,May,2
20220509,2022-05-09,2022,Q2,5,May,19,9,Monday,False,May-2022,129,2,False,False,False,False,May,2
20220510,2022-05-10,2022,Q2,5,May,19,10,Tuesday,False,May-2022,130,2,False,False,False,False,May,2
20220511,2022-05-11,2022,Q2,5,May,19,11,Wednesday,False,May-2022,131,2,False,False,False,False,May,2
20220512,2022-05-12,2022,Q2,5,May,19,12,Thursday,False,May-2022,132,2,False,False,False,False,May,2
20220513,2022-05-13,2022,Q2,5,May,19,13,Friday,False,May-2022,133,2,False,False,False,False,May,2
20220514,2022-05-14,2022,Q2,5,May,19,14,Saturday,True,May-2022,134,2,False,False,False,False,May,2
20220515,2022-05-15,2022,Q2,5,May,19,15,Sunday,True,May-2022,135,3,False,False,False,False,May,2
20220516,2022-05-16,2022,Q2,5,May,20,16,Monday,False,May-2022,136,3,False,False,False,False,May,2
20220517,2022-05-17,2022,Q2,5,May,20,17,Tuesday,False,May-2022,137,3,False,False,False,False,May,2
20220518,2022-05-18,2022,Q2,5,May,20,18,Wednesday,False,May-2022,138,3,False,False,False,False,May,2
20220519,2022-05-19,2022,Q2,5,May,20,19,Thursday,False,May-2022,139,3,False,False,False,False,May,2
20220520,2022-05-20,2022,Q2,5,May,20,20,Friday,False,May-2022,140,3,False,False,False,False,May,2
20220521,2022-05-21,2022,Q2,5,May,20,21,Saturday,True,May-2022,141,3,False,False,False,False,May,2
20220522,2022-05-22,2022,Q2,5,May,20,22,Sunday,True,May-2022,142,4,False,False,False,False,May,2
20220523,2022-05-23,2022,Q2,5,May,21,23,Monday,False,May-2022,143,4,False,False,False,False,May,2
20220524,2022-05-24,2022,Q2,5,May,21,24,Tuesday,False,May-2022,144,4,False,False,False,False,May,2
20220525,2022-05-25,2022,Q2,5,May,21,25,Wednesday,False,May-2022,145,4,False,False,False,False,May,2
20220526,2022-05-26,2022,Q2,5,May,21,26,Thursday,False,May-2022,146,4,False,False,False,False,May,2
20220527,2022-05-27,2022,Q2,5,May,21,27,Friday,False,May-2022,147,4,False,False,False,False,May,2
20220528,2022-05-28,2022,Q2,5,May,21,28,Saturday,True,May-2022,148,4,False,False,False,False,May,2
20220529,2022-05-29,2022,Q2,5,May,21,29,Sunday,True,May-2022,149,5,False,False,False,False,May,2
20220530,2022-05-30,2022,Q2,5,May,22,30,Monday,False,May-2022,150,5,False,False,False,False,May,2
20220531,2022-05-31,2022,Q2,5,May,22,31,Tuesday,False,May-2022,151,5,False,True,False,False,May,2
20220601,2022-06-01,2022,Q2,6,June,22,1,Wednesday,False,Jun-2022,152,1,True,False,False,False,Jun,2
20220602,2022-06-02,2022,Q2,6,June,22,2,Thursday,False,Jun-2022,153,1,False,False,False,False,Jun,2
20220603,2022-06-03,2022,Q2,6,June,22,3,Friday,False,Jun-2022,154,1,False,False,False,False,Jun,2
20220604,2022-06-04,2022,Q2,6,June,22,4,Saturday,True,Jun-2022,155,1,False,False,False,False,Jun,2
20220605,2022-06-05,2022,Q2,6,June,22,5,Sunday,True,Jun-2022,156,1,False,False,False,False,Jun,2
20220606,2022-06-06,2022,Q2,6,June,23,6,Monday,False,Jun-2022,157,1,False,False,False,False,Jun,2
20220607,2022-06-07,2022,Q2,6,June,23,7,Tuesday,False,Jun-2022,158,1,False,False,False,False,Jun,2
20220608,2022-06-08,2022,Q2,6,June,23,8,Wednesday,False,Jun-2022,159,2,False,False,False,False,Jun,2
20220609,2022-06-09,2022,Q2,6,June,23,9,Thursday,False,Jun-2022,160,2,False,False,False,False,Jun,2
20220610,2022-06-10,2022,Q2,6,June,23,10,Friday,False,Jun-2022,161,2,False,False,False,False,Jun,2
20220611,2022-06-11,2022,Q2,6,June,23,11,Saturday,True,Jun-2022,162,2,False,False,False,False,Jun,2
20220612,2022-06-12,2022,Q2,6,June,23,12,Sunday,True,Jun-2022,163,2,False,False,False,False,Jun,2
20220613,2022-06-13,2022,Q2,6,June,24,13,Monday,False,Jun-2022,164,2,False,False,False,False,Jun,2
20220614,2022-06-14,2022,Q2,6,June,24,14,Tuesday,False,Jun-2022,165,2,False,False,False,False,Jun,2
20220615,2022-06-15,2022,Q2,6,June,24,15,Wednesday,False,Jun-2022,166,3,False,False,False,False,Jun,2
20220616,2022-06-16,2022,Q2,6,June,24,16,Thursday,False,Jun-2022,167,3,False,False,False,False,Jun,2
20220617,2022-06-17,2022,Q2,6,June,24,17,Friday,False,Jun-2022,168,3,False,False,False,False,Jun,2
20220618,2022-06-18,2022,Q2,6,June,24,18,Saturday,True,Jun-2022,169,3,False,False,False,False,Jun,2
20220619,2022-06-19,2022,Q2,6,June,24,19,Sunday,True,Jun-2022,170,3,False,False,False,False,Jun,2
20220620,2022-06-20,2022,Q2,6,June,25,20,Monday,False,Jun-2022,171,3,False,False,False,False,Jun,2
20220621,2022-06-21,2022,Q2,6,June,25,21,Tuesday,False,Jun-2022,172,3,False,False,False,False,Jun,2
20220622,2022-06-22,2022,Q2,6,June,25,22,Wednesday,False,Jun-2022,173,4,False,False,False,False,Jun,2
20220623,2022-06-23,2022,Q2,6,June,25,23,Thursday,False,Jun-2022,174,4,False,False,False,False,Jun,2
20220624,2022-06-24,2022,Q2,6,June,25,24,Friday,False,Jun-2022,175,4,False,False,False,False,Jun,2
20220625,2022-06-25,2022,Q2,6,June,25,25,Saturday,True,Jun-2022,176,4,False,False,False,False,Jun,2
20220626,2022-06-26,2022,Q2,6,June,25,26,Sunday,True,Jun-2022,177,4,False,False,False,False,Jun,2
20220627,2022-06-27,2022,Q2,6,June,26,27,Monday,False,Jun-2022,178,4,False,False,False,False,Jun,2
20220628,2022-06-28,2022,Q2,6,June,26,28,Tuesday,False,Jun-2022,179,4,False,False,False,False,Jun,2
20220629,2022-06-29,2022,Q2,6,June,26,29,Wednesday,False,Jun-2022,180,5,False,False,False,False,Jun,2
20220630,2022-06-30,2022,Q2,6,June,26,30,Thursday,False,Jun-2022,181,5,False,True,False,True,Jun,2
20220701,2022-07-01,2022,Q3,7,July,26,1,Friday,False,Jul-2022,182,1,True,False,True,False,Jul,3
20220702,2022-07-02,2022,Q3,7,July,26,2,Saturday,True,Jul-2022,183,1,False,False,False,False,Jul,3
20220703,2022-07-03,2022,Q3,7,July,26,3,Sunday,True,Jul-2022,184,1,False,False,False,False,Jul,3
20220704,2022-07-04,2022,Q3,7,July,27,4,Monday,False,Jul-2022,185,1,False,False,False,False,Jul,3
20220705,2022-07-05,2022,Q3,7,July,27,5,Tuesday,False,Jul-2022,186,1,False,False,False,False,Jul,3
20220706,2022-07-06,2022,Q3,7,July,27,6,Wednesday,False,Jul-2022,187,1,False,False,False,False,Jul,3
20220707,2022-07-07,2022,Q3,7,July,27,7,Thursday,False,Jul-2022,188,1,False,False,False,False,Jul,3
20220708,2022-07-08,2022,Q3,7,July,27,8,Friday,False,Jul-2022,189,2,False,False,False,False,Jul,3
20220709,2022-07-09,2022,Q3,7,July,27,9,Saturday,True,Jul-2022,190,2,False,False,False,False,Jul,3
20220710,2022-07-10,2022,Q3,7,July,27,10,Sunday,True,Jul-2022,191,2,False,False,False,False,Jul,3
20220711,2022-07-11,2022,Q3,7,July,28,11,Monday,False,Jul-2022,192,2,False,False,False,False,Jul,3
20220712,2022-07-12,2022,Q3,7,July,28,12,Tuesday,False,Jul-2022,193,2,False,False,False,False,Jul,3
20220713,2022-07-13,2022,Q3,7,July,28,13,Wednesday,False,Jul-2022,194,2,False,False,False,False,Jul,3
20220714,2022-07-14,2022,Q3,7,July,28,14,Thursday,False,Jul-2022,195,2,False,False,False,False,Jul,3
20220715,2022-07-15,2022,Q3,7,July,28,15,Friday,False,Jul-2022,196,3,False,False,False,False,Jul,3
20220716,2022-07-16,2022,Q3,7,July,28,16,Saturday,True,Jul-2022,197,3,False,False,False,False,Jul,3
20220717,2022-07-17,2022,Q3,7,July,28,17,Sunday,True,Jul-2022,198,3,False,False,False,False,Jul,3
20220718,2022-07-18,2022,Q3,7,July,29,18,Monday,False,Jul-2022,199,3,False,False,False,False,Jul,3
20220719,2022-07-19,2022,Q3,7,July,29,19,Tuesday,False,Jul-2022,200,3,False,False,False,False,Jul,3
20220720,2022-07-20,2022,Q3,7,July,29,20,Wednesday,False,Jul-2022,201,3,False,False,False,False,Jul,3
20220721,2022-07-21,2022,Q3,7,July,29,21,Thursday,False,Jul-2022,202,3,False,False,False,False,Jul,3
20220722,2022-07-22,2022,Q3,7,July,29,22,Friday,False,Jul-2022,203,4,False,False,False,False,Jul,3
20220723,2022-07-23,2022,Q3,7,July,29,23,Saturday,True,Jul-2022,204,4,False,False,False,False,Jul,3
20220724,2022-07-24,2022,Q3,7,July,29,24,Sunday,True,Jul-2022,205,4,False,False,False,False,Jul,3
20220725,2022-07-25,2022,Q3,7,July,30,25,Monday,False,Jul-2022,206,4,False,False,False,False,Jul,3
20220726,2022-07-26,2022,Q3,7,July,30,26,Tuesday,False,Jul-2022,207,4,False,False,False,False,Jul,3
20220727,2022-07-27,2022,Q3,7,July,30,27,Wednesday,False,Jul-2022,208,4,False,False,False,False,Jul,3
20220728,2022-07-28,2022,Q3,7,July,30,28,Thursday,False,Jul-2022,209,4,False,False,False,False,Jul,3
20220729,2022-07-29,2022,Q3,7,July,30,29,Friday,False,Jul-2022,210,5,False,False,False,False,Jul,3
20220730,2022-07-30,2022,Q3,7,July,30,30,Saturday,True,Jul-2022,211,5,False,False,False,False,Jul,3
20220731,2022-07-31,2022,Q3,7,July,30,31,Sunday,True,Jul-2022,212,5,False,True,False,False,Jul,3
20220801,2022-08-01,2022,Q3,8,August,31,1,Monday,False,Aug-2022,213,1,True,False,False,False,Aug,3
20220802,2022-08-02,2022,Q3,8,August,31,2,Tuesday,False,Aug-2022,214,1,False,False,False,False,Aug,3
20220803,2022-08-03,2022,Q3,8,August,31,3,Wednesday,False,Aug-2022,215,1,False,False,False,False,Aug,3
20220804,2022-08-04,2022,Q3,8,August,31,4,Thursday,False,Aug-2022,216,1,False,False,False,False,Aug,3
20220805,2022-08-05,2022,Q3,8,August,31,5,Friday,False,Aug-2022,217,1,False,False,False,False,Aug,3
20220806,2022-08-06,2022,Q3,8,August,31,6,Saturday,True,Aug-2022,218,1,False,False,False,False,Aug,3
20220807,2022-08-07,2022,Q3,8,August,31,7,Sunday,True,Aug-2022,219,1,False,False,False,False,Aug,3
20220808,2022-08-08,2022,Q3,8,August,32,8,Monday,False,Aug-2022,220,2,False,False,False,False,Aug,3
20220809,2022-08-09,2022,Q3,8,August,32,9,Tuesday,False,Aug-2022,221,2,False,False,False,False,Aug,3
20220810,2022-08-10,2022,Q3,8,August,32,10,Wednesday,False,Aug-2022,222,2,False,False,False,False,Aug,3
20220811,2022-08-11,2022,Q3,8,August,32,11,Thursday,False,Aug-2022,223,2,False,False,False,False,Aug,3
20220812,2022-08-12,2022,Q3,8,August,32,12,Friday,False,Aug-2022,224,2,False,False,False,False,Aug,3
20220813,2022-08-13,2022,Q3,8,August,32,13,Saturday,True,Aug-2022,225,2,False,False,False,False,Aug,3
20220814,2022-08-14,2022,Q3,8,August,32,14,Sunday,True,Aug-2022,226,2,False,False,False,False,Aug,3
20220815,2022-08-15,2022,Q3,8,August,33,15,Monday,False,Aug-2022,227,3,False,False,False,False,Aug,3
20220816,2022-08-16,2022,Q3,8,August,33,16,Tuesday,False,Aug-2022,228,3,False,False,False,False,Aug,3
20220817,2022-08-17,2022,Q3,8,August,33,17,Wednesday,False,Aug-2022,229,3,False,False,False,False,Aug,3
20220818,2022-08-18,2022,Q3,8,August,33,18,Thursday,False,Aug-2022,230,3,False,False,False,False,Aug,3
20220819,2022-08-19,2022,Q3,8,August,33,19,Friday,False,Aug-2022,231,3,False,False,False,False,Aug,3
20220820,2022-08-20,2022,Q3,8,August,33,20,Saturday,True,Aug-2022,232,3,False,False,False,False,Aug,3
20220821,2022-08-21,2022,Q3,8,August,33,21,Sunday,True,Aug-2022,233,3,False,False,False,False,Aug,3
20220822,2022-08-22,2022,Q3,8,August,34,22,Monday,False,Aug-2022,234,4,False,False,False,False,Aug,3
20220823,2022-08-23,2022,Q3,8,August,34,23,Tuesday,False,Aug-2022,235,4,False,False,False,False,Aug,3
20220824,2022-08-24,2022,Q3,8,August,34,24,Wednesday,False,Aug-2022,236,4,False,False,False,False,Aug,3
20220825,2022-08-25,2022,Q3,8,August,34,25,Thursday,False,Aug-2022,237,4,False,False,False,False,Aug,3
20220826,2022-08-26,2022,Q3,8,August,34,26,Friday,False,Aug-2022,238,4,False,False,False,False,Aug,3
20220827,2022-08-27,2022,Q3,8,August,34,27,Saturday,True,Aug-2022,239,4,False,False,False,False,Aug,3
20220828,2022-08-28,2022,Q3,8,August,34,28,Sunday,True,Aug-2022,240,4,False,False,False,False,Aug,3
20220829,2022-08-29,2022,Q3,8,August,35,29,Monday,False,Aug-2022,241,5,False,False,False,False,Aug,3
20220830,2022-08-30,2022,Q3,8,August,35,30,Tuesday,False,Aug-2022,242,5,False,False,False,False,Aug,3
20220831,2022-08-31,2022,Q3,8,August,35,31,Wednesday,False,Aug-2022,243,5,False,True,False,False,Aug,3
20220901,2022-09-01,2022,Q3,9,September,35,1,Thursday,False,Sep-2022,244,1,True,False,False,False,Sep,3
20220902,2022-09-02,2022,Q3,9,September,35,2,Friday,False,Sep-2022,245,1,False,False,False,False,Sep,3
20220903,2022-09-03,2022,Q3,9,September,35,3,Saturday,True,Sep-2022,246,1,False,False,False,False,Sep,3
20220904,2022-09-04,2022,Q3,9,September,35,4,Sunday,True,Sep-2022,247,1,False,False,False,False,Sep,3
20220905,2022-09-05,2022,Q3,9,September,36,5,Monday,False,Sep-2022,248,1,False,False,False,False,Sep,3
20220906,2022-09-06,2022,Q3,9,September,36,6,Tuesday,False,Sep-2022,249,1,False,False,False,False,Sep,3
20220907,2022-09-07,2022,Q3,9,September,36,7,Wednesday,False,Sep-2022,250,1,False,False,False,False,Sep,3
20220908,2022-09-08,2022,Q3,9,September,36,8,Thursday,False,Sep-2022,251,2,False,False,False,False,Sep,3
20220909,2022-09-09,2022,Q3,9,September,36,9,Friday,False,Sep-2022,252,2,False,False,False,False,Sep,3
20220910,2022-09-10,2022,Q3,9,September,36,10,Saturday,True,Sep-2022,253,2,False,False,False,False,Sep,3
20220911,2022-09-11,2022,Q3,9,September,36,11,Sunday,True,Sep-2022,254,2,False,False,False,False,Sep,3
20220912,2022-09-12,2022,Q3,9,September,37,12,Monday,False,Sep-2022,255,2,False,False,False,False,Sep,3
20220913,2022-09-13,2022,Q3,9,September,37,13,Tuesday,False,Sep-2022,256,2,False,False,False,False,Sep,3
20220914,2022-09-14,2022,Q3,9,September,37,14,Wednesday,False,Sep-2022,257,2,False,False,False,False,Sep,3
20220915,2022-09-15,2022,Q3,9,September,37,15,Thursday,False,Sep-2022,258,3,False,False,False,False,Sep,3
20220916,2022-09-16,2022,Q3,9,September,37,16,Friday,False,Sep-2022,259,3,False,False,False,False,Sep,3
20220917,2022-09-17,2022,Q3,9,September,37,17,Saturday,True,Sep-2022,260,3,False,False,False,False,Sep,3
20220918,2022-09-18,2022,Q3,9,September,37,18,Sunday,True,Sep-2022,261,3,False,False,False,False,Sep,3
20220919,2022-09-19,2022,Q3,9,September,38,19,Monday,False,Sep-2022,262,3,False,False,False,False,Sep,3
20220920,2022-09-20,2022,Q3,9,September,38,20,Tuesday,False,Sep-2022,263,3,False,False,False,False,Sep,3
20220921,2022-09-21,2022,Q3,9,September,38,21,Wednesday,False,Sep-2022,264,3,False,False,False,False,Sep,3
20220922,2022-09-22,2022,Q3,9,September,38,22,Thursday,False,Sep-2022,265,4,False,False,False,False,Sep,3
20220923,2022-09-23,2022,Q3,9,September,38,23,Friday,False,Sep-2022,266,4,False,False,False,False,Sep,3
20220924,2022-09-24,2022,Q3,9,September,38,24,Saturday,True,Sep-2022,267,4,False,False,False,False,Sep,3
20220925,2022-09-25,2022,Q3,9,September,38,25,Sunday,True,Sep-2022,268,4,False,False,False,False,Sep,3
20220926,2022-09-26,2022,Q3,9,September,39,26,Monday,False,Sep-2022,269,4,False,False,False,False,Sep,3
20220927,2022-09-27,2022,Q3,9,September,39,27,Tuesday,False,Sep-2022,270,4,False,False,False,False,Sep,3
20220928,2022-09-28,2022,Q3,9,September,39,28,Wednesday,False,Sep-2022,271,4,False,False,False,False,Sep,3
20220929,2022-09-29,2022,Q3,9,September,39,29,Thursday,False,Sep-2022,272,5,False,False,False,False,Sep,3
20220930,2022-09-30,2022,Q3,9,September,39,30,Friday,False,Sep-2022,273,5,False,True,False,True,Sep,3
20221001,2022-10-01,2022,Q4,10,October,39,1,Saturday,True,Oct-2022,274,1,True,False,True,False,Oct,4
20221002,2022-10-02,2022,Q4,10,October,39,2,Sunday,True,Oct-2022,275,1,False,False,False,False,Oct,4
20221003,2022-10-03,2022,Q4,10,October,40,3,Monday,False,Oct-2022,276,1,False,False,False,False,Oct,4
20221004,2022-10-04,2022,Q4,10,October,40,4,Tuesday,False,Oct-2022,277,1,False,False,False,False,Oct,4
20221005,2022-10-05,2022,Q4,10,October,40,5,Wednesday,False,Oct-2022,278,1,False,False,False,False,Oct,4
20221006,2022-10-06,2022,Q4,10,October,40,6,Thursday,False,Oct-2022,279,1,False,False,False,False,Oct,4
20221007,2022-10-07,2022,Q4,10,October,40,7,Friday,False,Oct-2022,280,1,False,False,False,False,Oct,4
20221008,2022-10-08,2022,Q4,10,October,40,8,Saturday,True,Oct-2022,281,2,False,False,False,False,Oct,4
20221009,2022-10-09,2022,Q4,10,October,40,9,Sunday,True,Oct-2022,282,2,False,False,False,False,Oct,4
20221010,2022-10-10,2022,Q4,10,October,41,10,Monday,False,Oct-2022,283,2,False,False,False,False,Oct,4
20221011,2022-10-11,2022,Q4,10,October,41,11,Tuesday,False,Oct-2022,284,2,False,False,False,False,Oct,4
20221012,2022-10-12,2022,Q4,10,October,41,12,Wednesday,False,Oct-2022,285,2,False,False,False,False,Oct,4
20221013,2022-10-13,2022,Q4,10,October,41,13,Thursday,False,Oct-2022,286,2,False,False,False,False,Oct,4
20221014,2022-10-14,2022,Q4,10,October,41,14,Friday,False,Oct-2022,287,2,False,False,False,False,Oct,4
20221015,2022-10-15,2022,Q4,10,October,41,15,Saturday,True,Oct-2022,288,3,False,False,False,False,Oct,4
20221016,2022-10-16,2022,Q4,10,October,41,16,Sunday,True,Oct-2022,289,3,False,False,False,False,Oct,4
20221017,2022-10-17,2022,Q4,10,October,42,17,Monday,False,Oct-2022,290,3,False,False,False,False,Oct,4
20221018,2022-10-18,2022,Q4,10,October,42,18,Tuesday,False,Oct-2022,291,3,False,False,False,False,Oct,4
20221019,2022-10-19,2022,Q4,10,October,42,19,Wednesday,False,Oct-2022,292,3,False,False,False,False,Oct,4
20221020,2022-10-20,2022,Q4,10,October,42,20,Thursday,False,Oct-2022,293,3,False,False,False,False,Oct,4
20221021,2022-10-21,2022,Q4,10,October,42,21,Friday,False,Oct-2022,294,3,False,False,False,False,Oct,4
20221022,2022-10-22,2022,Q4,10,October,42,22,Saturday,True,Oct-2022,295,4,False,False,False,False,Oct,4
20221023,2022-10-23,2022,Q4,10,October,42,23,Sunday,True,Oct-2022,296,4,False,False,False,False,Oct,4
20221024,2022-10-24,2022,Q4,10,October,43,24,Monday,False,Oct-2022,297,4,False,False,False,False,Oct,4
20221025,2022-10-25,2022,Q4,10,October,43,25,Tuesday,False,Oct-2022,298,4,False,False,False,False,Oct,4
20221026,2022-10-26,2022,Q4,10,October,43,26,Wednesday,False,Oct-2022,299,4,False,False,False,False,Oct,4
20221027,2022-10-27,2022,Q4,10,October,43,27,Thursday,False,Oct-2022,300,4,False,False,False,False,Oct,4
20221028,2022-10-28,2022,Q4,10,October,43,28,Friday,False,Oct-2022,301,4,False,False,False,False,Oct,4
20221029,2022-10-29,2022,Q4,10,October,43,29,Saturday,True,Oct-2022,302,5,False,False,False,False,Oct,4
20221030,2022-10-30,2022,Q4,10,October,43,30,Sunday,True,Oct-2022,303,5,False,False,False,False,Oct,4
20221031,2022-10-31,2022,Q4,10,October,44,31,Monday,False,Oct-2022,304,5,False,True,False,False,Oct,4
20221101,2022-11-01,2022,Q4,11,November,44,1,Tuesday,False,Nov-2022,305,1,True,False,False,False,Nov,4
20221102,2022-11-02,2022,Q4,11,November,44,2,Wednesday,False,Nov-2022,306,1,False,False,False,False,Nov,4
20221103,2022-11-03,2022,Q4,11,November,44,3,Thursday,False,Nov-2022,307,1,False,False,False,False,Nov,4
20221104,2022-11-04,2022,Q4,11,November,44,4,Friday,False,Nov-2022,308,1,False,False,False,False,Nov,4
20221105,2022-11-05,2022,Q4,11,November,44,5,Saturday,True,Nov-2022,309,1,False,False,False,False,Nov,4
20221106,2022-11-06,2022,Q4,11,November,44,6,Sunday,True,Nov-2022,310,1,False,False,False,False,Nov,4
20221107,2022-11-07,2022,Q4,11,November,45,7,Monday,False,Nov-2022,311,1,False,False,False,False,Nov,4
20221108,2022-11-08,2022,Q4,11,November,45,8,Tuesday,False,Nov-2022,312,2,False,False,False,False,Nov,4
20221109,2022-11-09,2022,Q4,11,November,45,9,Wednesday,False,Nov-2022,313,2,False,False,False,False,Nov,4
20221110,2022-11-10,2022,Q4,11,November,45,10,Thursday,False,Nov-2022,314,2,False,False,False,False,Nov,4
20221111,2022-11-11,2022,Q4,11,November,45,11,Friday,False,Nov-2022,315,2,False,False,False,False,Nov,4
20221112,2022-11-12,2022,Q4,11,November,45,12,Saturday,True,Nov-2022,316,2,False,False,False,False,Nov,4
20221113,2022-11-13,2022,Q4,11,November,45,13,Sunday,True,Nov-2022,317,2,False,False,False,False,Nov,4
20221114,2022-11-14,2022,Q4,11,November,46,14,Monday,False,Nov-2022,318,2,False,False,False,False,Nov,4
20221115,2022-11-15,2022,Q4,11,November,46,15,Tuesday,False,Nov-2022,319,3,False,False,False,False,Nov,4
20221116,2022-11-16,2022,Q4,11,November,46,16,Wednesday,False,Nov-2022,320,3,False,False,False,False,Nov,4
20221117,2022-11-17,2022,Q4,11,November,46,17,Thursday,False,Nov-2022,321,3,False,False,False,False,Nov,4
20221118,2022-11-18,2022,Q4,11,November,46,18,Friday,False,Nov-2022,322,3,False,False,False,False,Nov,4
20221119,2022-11-19,2022,Q4,11,November,46,19,Saturday,True,Nov-2022,323,3,False,False,False,False,Nov,4
20221120,2022-11-20,2022,Q4,11,November,46,20,Sunday,True,Nov-2022,324,3,False,False,False,False,Nov,4
20221121,2022-11-21,2022,Q4,11,November,47,21,Monday,False,Nov-2022,325,3,False,False,False,False,Nov,4
20221122,2022-11-22,2022,Q4,11,November,47,22,Tuesday,False,Nov-2022,326,4,False,False,False,False,Nov,4
20221123,2022-11-23,2022,Q4,11,November,47,23,Wednesday,False,Nov-2022,327,4,False,False,False,False,Nov,4
20221124,2022-11-24,2022,Q4,11,November,47,24,Thursday,False,Nov-2022,328,4,False,False,False,False,Nov,4
20221125,2022-11-25,2022,Q4,11,November,47,25,Friday,False,Nov-2022,329,4,False,False,False,False,Nov,4
20221126,2022-11-26,2022,Q4,11,November,47,26,Saturday,True,Nov-2022,330,4,False,False,False,False,Nov,4
20221127,2022-11-27,2022,Q4,11,November,47,27,Sunday,True,Nov-2022,331,4,False,False,False,False,Nov,4
20221128,2022-11-28,2022,Q4,11,November,48,28,Monday,False,Nov-2022,332,4,False,False,False,False,Nov,4
20221129,2022-11-29,2022,Q4,11,November,48,29,Tuesday,False,Nov-2022,333,5,False,False,False,False,Nov,4
20221130,2022-11-30,2022,Q4,11,November,48,30,Wednesday,False,Nov-2022,334,5,False,True,False,False,Nov,4
20221201,2022-12-01,2022,Q4,12,December,48,1,Thursday,False,Dec-2022,335,1,True,False,False,False,Dec,4
20221202,2022-12-02,2022,Q4,12,December,48,2,Friday,False,Dec-2022,336,1,False,False,False,False,Dec,4
20221203,2022-12-03,2022,Q4,12,December,48,3,Saturday,True,Dec-2022,337,1,False,False,False,False,Dec,4
20221204,2022-12-04,2022,Q4,12,December,48,4,Sunday,True,Dec-2022,338,1,False,False,False,False,Dec,4
20221205,2022-12-05,2022,Q4,12,December,49,5,Monday,False,Dec-2022,339,1,False,False,False,False,Dec,4
20221206,2022-12-06,2022,Q4,12,December,49,6,Tuesday,False,Dec-2022,340,1,False,False,False,False,Dec,4
20221207,2022-12-07,2022,Q4,12,December,49,7,Wednesday,False,Dec-2022,341,1,False,False,False,False,Dec,4
20221208,2022-12-08,2022,Q4,12,December,49,8,Thursday,False,Dec-2022,342,2,False,False,False,False,Dec,4
20221209,2022-12-09,2022,Q4,12,December,49,9,Friday,False,Dec-2022,343,2,False,False,False,False,Dec,4
20221210,2022-12-10,2022,Q4,12,December,49,10,Saturday,True,Dec-2022,344,2,False,False,False,False,Dec,4
20221211,2022-12-11,2022,Q4,12,December,49,11,Sunday,True,Dec-2022,345,2,False,False,False,False,Dec,4
20221212,2022-12-12,2022,Q4,12,December,50,12,Monday,False,Dec-2022,346,2,False,False,False,False,Dec,4
20221213,2022-12-13,2022,Q4,12,December,50,13,Tuesday,False,Dec-2022,347,2,False,False,False,False,Dec,4
20221214,2022-12-14,2022,Q4,12,December,50,14,Wednesday,False,Dec-2022,348,2,False,False,False,False,Dec,4
20221215,2022-12-15,2022,Q4,12,December,50,15,Thursday,False,Dec-2022,349,3,False,False,False,False,Dec,4
20221216,2022-12-16,2022,Q4,12,December,50,16,Friday,False,Dec-2022,350,3,False,False,False,False,Dec,4
20221217,2022-12-17,2022,Q4,12,December,50,17,Saturday,True,Dec-2022,351,3,False,False,False,False,Dec,4
20221218,2022-12-18,2022,Q4,12,December,50,18,Sunday,True,Dec-2022,352,3,False,False,False,False,Dec,4
20221219,2022-12-19,2022,Q4,12,December,51,19,Monday,False,Dec-2022,353,3,False,False,False,False,Dec,4
20221220,2022-12-20,2022,Q4,12,December,51,20,Tuesday,False,Dec-2022,354,3,False,False,False,False,Dec,4
20221221,2022-12-21,2022,Q4,12,December,51,21,Wednesday,False,Dec-2022,355,3,False,False,False,False,Dec,4
20221222,2022-12-22,2022,Q4,12,December,51,22,Thursday,False,Dec-2022,356,4,False,False,False,False,Dec,4
20221223,2022-12-23,2022,Q4,12,December,51,23,Friday,False,Dec-2022,357,4,False,False,False,False,Dec,4
20221224,2022-12-24,2022,Q4,12,December,51,24,Saturday,True,Dec-2022,358,4,False,False,False,False,Dec,4
20221225,2022-12-25,2022,Q4,12,December,51,25,Sunday,True,Dec-2022,359,4,False,False,False,False,Dec,4
20221226,2022-12-26,2022,Q4,12,December,52,26,Monday,False,Dec-2022,360,4,False,False,False,False,Dec,4
20221227,2022-12-27,2022,Q4,12,December,52,27,Tuesday,False,Dec-2022,361,4,False,False,False,False,Dec,4
20221228,2022-12-28,2022,Q4,12,December,52,28,Wednesday,False,Dec-2022,362,4,False,False,False,False,Dec,4
20221229,2022-12-29,2022,Q4,12,December,52,29,Thursday,False,Dec-2022,363,5,False,False,False,False,Dec,4
20221230,2022-12-30,2022,Q4,12,December,52,30,Friday,False,Dec-2022,364,5,False,False,False,False,Dec,4
20221231,2022-12-31,2022,Q4,12,December,52,31,Saturday,True,Dec-2022,365,5,False,True,False,True,Dec,4
20230101,2023-01-01,2023,Q1,1,January,52,1,Sunday,True,Jan-2023,1,1,True,False,True,False,Jan,1
20230102,2023-01-02,2023,Q1,1,January,1,2,Monday,False,Jan-2023,2,1,False,False,False,False,Jan,1
20230103,2023-01-03,2023,Q1,1,January,1,3,Tuesday,False,Jan-2023,3,1,False,False,False,False,Jan,1
20230104,2023-01-04,2023,Q1,1,January,1,4,Wednesday,False,Jan-2023,4,1,False,False,False,False,Jan,1
20230105,2023-01-05,2023,Q1,1,January,1,5,Thursday,False,Jan-2023,5,1,False,False,False,False,Jan,1
20230106,2023-01-06,2023,Q1,1,January,1,6,Friday,False,Jan-2023,6,1,False,False,False,False,Jan,1
20230107,2023-01-07,2023,Q1,1,January,1,7,Saturday,True,Jan-2023,7,1,False,False,False,False,Jan,1
20230108,2023-01-08,2023,Q1,1,January,1,8,Sunday,True,Jan-2023,8,2,False,False,False,False,Jan,1
20230109,2023-01-09,2023,Q1,1,January,2,9,Monday,False,Jan-2023,9,2,False,False,False,False,Jan,1
20230110,2023-01-10,2023,Q1,1,January,2,10,Tuesday,False,Jan-2023,10,2,False,False,False,False,Jan,1
20230111,2023-01-11,2023,Q1,1,January,2,11,Wednesday,False,Jan-2023,11,2,False,False,False,False,Jan,1
20230112,2023-01-12,2023,Q1,1,January,2,12,Thursday,False,Jan-2023,12,2,False,False,False,False,Jan,1
20230113,2023-01-13,2023,Q1,1,January,2,13,Friday,False,Jan-2023,13,2,False,False,False,False,Jan,1
20230114,2023-01-14,2023,Q1,1,January,2,14,Saturday,True,Jan-2023,14,2,False,False,False,False,Jan,1
20230115,2023-01-15,2023,Q1,1,January,2,15,Sunday,True,Jan-2023,15,3,False,False,False,False,Jan,1
20230116,2023-01-16,2023,Q1,1,January,3,16,Monday,False,Jan-2023,16,3,False,False,False,False,Jan,1
20230117,2023-01-17,2023,Q1,1,January,3,17,Tuesday,False,Jan-2023,17,3,False,False,False,False,Jan,1
20230118,2023-01-18,2023,Q1,1,January,3,18,Wednesday,False,Jan-2023,18,3,False,False,False,False,Jan,1
20230119,2023-01-19,2023,Q1,1,January,3,19,Thursday,False,Jan-2023,19,3,False,False,False,False,Jan,1
20230120,2023-01-20,2023,Q1,1,January,3,20,Friday,False,Jan-2023,20,3,False,False,False,False,Jan,1
20230121,2023-01-21,2023,Q1,1,January,3,21,Saturday,True,Jan-2023,21,3,False,False,False,False,Jan,1
20230122,2023-01-22,2023,Q1,1,January,3,22,Sunday,True,Jan-2023,22,4,False,False,False,False,Jan,1
20230123,2023-01-23,2023,Q1,1,January,4,23,Monday,False,Jan-2023,23,4,False,False,False,False,Jan,1
20230124,2023-01-24,2023,Q1,1,January,4,24,Tuesday,False,Jan-2023,24,4,False,False,False,False,Jan,1
20230125,2023-01-25,2023,Q1,1,January,4,25,Wednesday,False,Jan-2023,25,4,False,False,False,False,Jan,1
20230126,2023-01-26,2023,Q1,1,January,4,26,Thursday,False,Jan-2023,26,4,False,False,False,False,Jan,1
20230127,2023-01-27,2023,Q1,1,January,4,27,Friday,False,Jan-2023,27,4,False,False,False,False,Jan,1
20230128,2023-01-28,2023,Q1,1,January,4,28,Saturday,True,Jan-2023,28,4,False,False,False,False,Jan,1
20230129,2023-01-29,2023,Q1,1,January,4,29,Sunday,True,Jan-2023,29,5,False,False,False,False,Jan,1
20230130,2023-01-30,2023,Q1,1,January,5,30,Monday,False,Jan-2023,30,5,False,False,False,False,Jan,1
20230131,2023-01-31,2023,Q1,1,January,5,31,Tuesday,False,Jan-2023,31,5,False,True,False,False,Jan,1
20230201,2023-02-01,2023,Q1,2,February,5,1,Wednesday,False,Feb-2023,32,1,True,False,False,False,Feb,1
20230202,2023-02-02,2023,Q1,2,February,5,2,Thursday,False,Feb-2023,33,1,False,False,False,False,Feb,1
20230203,2023-02-03,2023,Q1,2,February,5,3,Friday,False,Feb-2023,34,1,False,False,False,False,Feb,1
20230204,2023-02-04,2023,Q1,2,February,5,4,Saturday,True,Feb-2023,35,1,False,False,False,False,Feb,1
20230205,2023-02-05,2023,Q1,2,February,5,5,Sunday,True,Feb-2023,36,1,False,False,False,False,Feb,1
20230206,2023-02-06,2023,Q1,2,February,6,6,Monday,False,Feb-2023,37,1,False,False,False,False,Feb,1
20230207,2023-02-07,2023,Q1,2,February,6,7,Tuesday,False,Feb-2023,38,1,False,False,False,False,Feb,1
20230208,2023-02-08,2023,Q1,2,February,6,8,Wednesday,False,Feb-2023,39,2,False,False,False,False,Feb,1
20230209,2023-02-09,2023,Q1,2,February,6,9,Thursday,False,Feb-2023,40,2,False,False,False,False,Feb,1
20230210,2023-02-10,2023,Q1,2,February,6,10,Friday,False,Feb-2023,41,2,False,False,False,False,Feb,1
20230211,2023-02-11,2023,Q1,2,February,6,11,Saturday,True,Feb-2023,42,2,False,False,False,False,Feb,1
20230212,2023-02-12,2023,Q1,2,February,6,12,Sunday,True,Feb-2023,43,2,False,False,False,False,Feb,1
20230213,2023-02-13,2023,Q1,2,February,7,13,Monday,False,Feb-2023,44,2,False,False,False,False,Feb,1
20230214,2023-02-14,2023,Q1,2,February,7,14,Tuesday,False,Feb-2023,45,2,False,False,False,False,Feb,1
20230215,2023-02-15,2023,Q1,2,February,7,15,Wednesday,False,Feb-2023,46,3,False,False,False,False,Feb,1
20230216,2023-02-16,2023,Q1,2,February,7,16,Thursday,False,Feb-2023,47,3,False,False,False,False,Feb,1
20230217,2023-02-17,2023,Q1,2,February,7,17,Friday,False,Feb-2023,48,3,False,False,False,False,Feb,1
20230218,2023-02-18,2023,Q1,2,February,7,18,Saturday,True,Feb-2023,49,3,False,False,False,False,Feb,1
20230219,2023-02-19,2023,Q1,2,February,7,19,Sunday,True,Feb-2023,50,3,False,False,False,False,Feb,1
20230220,2023-02-20,2023,Q1,2,February,8,20,Monday,False,Feb-2023,51,3,False,False,False,False,Feb,1
20230221,2023-02-21,2023,Q1,2,February,8,21,Tuesday,False,Feb-2023,52,3,False,False,False,False,Feb,1
20230222,2023-02-22,2023,Q1,2,February,8,22,Wednesday,False,Feb-2023,53,4,False,False,False,False,Feb,1
20230223,2023-02-23,2023,Q1,2,February,8,23,Thursday,False,Feb-2023,54,4,False,False,False,False,Feb,1
20230224,2023-02-24,2023,Q1,2,February,8,24,Friday,False,Feb-2023,55,4,False,False,False,False,Feb,1
20230225,2023-02-25,2023,Q1,2,February,8,25,Saturday,True,Feb-2023,56,4,False,False,False,False,Feb,1
20230226,2023-02-26,2023,Q1,2,February,8,26,Sunday,True,Feb-2023,57,4,False,False,False,False,Feb,1
20230227,2023-02-27,2023,Q1,2,February,9,27,Monday,False,Feb-2023,58,4,False,False,False,False,Feb,1
20230228,2023-02-28,2023,Q1,2,February,9,28,Tuesday,False,Feb-2023,59,4,False,True,False,False,Feb,1
20230301,2023-03-01,2023,Q1,3,March,9,1,Wednesday,False,Mar-2023,60,1,True,False,False,False,Mar,1
20230302,2023-03-02,2023,Q1,3,March,9,2,Thursday,False,Mar-2023,61,1,False,False,False,False,Mar,1
20230303,2023-03-03,2023,Q1,3,March,9,3,Friday,False,Mar-2023,62,1,False,False,False,False,Mar,1
20230304,2023-03-04,2023,Q1,3,March,9,4,Saturday,True,Mar-2023,63,1,False,False,False,False,Mar,1
20230305,2023-03-05,2023,Q1,3,March,9,5,Sunday,True,Mar-2023,64,1,False,False,False,False,Mar,1
20230306,2023-03-06,2023,Q1,3,March,10,6,Monday,False,Mar-2023,65,1,False,False,False,False,Mar,1
20230307,2023-03-07,2023,Q1,3,March,10,7,Tuesday,False,Mar-2023,66,1,False,False,False,False,Mar,1
20230308,2023-03-08,2023,Q1,3,March,10,8,Wednesday,False,Mar-2023,67,2,False,False,False,False,Mar,1
20230309,2023-03-09,2023,Q1,3,March,10,9,Thursday,False,Mar-2023,68,2,False,False,False,False,Mar,1
20230310,2023-03-10,2023,Q1,3,March,10,10,Friday,False,Mar-2023,69,2,False,False,False,False,Mar,1
20230311,2023-03-11,2023,Q1,3,March,10,11,Saturday,True,Mar-2023,70,2,False,False,False,False,Mar,1
20230312,2023-03-12,2023,Q1,3,March,10,12,Sunday,True,Mar-2023,71,2,False,False,False,False,Mar,1
20230313,2023-03-13,2023,Q1,3,March,11,13,Monday,False,Mar-2023,72,2,False,False,False,False,Mar,1
20230314,2023-03-14,2023,Q1,3,March,11,14,Tuesday,False,Mar-2023,73,2,False,False,False,False,Mar,1
20230315,2023-03-15,2023,Q1,3,March,11,15,Wednesday,False,Mar-2023,74,3,False,False,False,False,Mar,1
20230316,2023-03-16,2023,Q1,3,March,11,16,Thursday,False,Mar-2023,75,3,False,False,False,False,Mar,1
20230317,2023-03-17,2023,Q1,3,March,11,17,Friday,False,Mar-2023,76,3,False,False,False,False,Mar,1
20230318,2023-03-18,2023,Q1,3,March,11,18,Saturday,True,Mar-2023,77,3,False,False,False,False,Mar,1
20230319,2023-03-19,2023,Q1,3,March,11,19,Sunday,True,Mar-2023,78,3,False,False,False,False,Mar,1
20230320,2023-03-20,2023,Q1,3,March,12,20,Monday,False,Mar-2023,79,3,False,False,False,False,Mar,1
20230321,2023-03-21,2023,Q1,3,March,12,21,Tuesday,False,Mar-2023,80,3,False,False,False,False,Mar,1
20230322,2023-03-22,2023,Q1,3,March,12,22,Wednesday,False,Mar-2023,81,4,False,False,False,False,Mar,1
20230323,2023-03-23,2023,Q1,3,March,12,23,Thursday,False,Mar-2023,82,4,False,False,False,False,Mar,1
20230324,2023-03-24,2023,Q1,3,March,12,24,Friday,False,Mar-2023,83,4,False,False,False,False,Mar,1
20230325,2023-03-25,2023,Q1,3,March,12,25,Saturday,True,Mar-2023,84,4,False,False,False,False,Mar,1
20230326,2023-03-26,2023,Q1,3,March,12,26,Sunday,True,Mar-2023,85,4,False,False,False,False,Mar,1
20230327,2023-03-27,2023,Q1,3,March,13,27,Monday,False,Mar-2023,86,4,False,False,False,False,Mar,1
20230328,2023-03-28,2023,Q1,3,March,13,28,Tuesday,False,Mar-2023,87,4,False,False,False,False,Mar,1
20230329,2023-03-29,2023,Q1,3,March,13,29,Wednesday,False,Mar-2023,88,5,False,False,False,False,Mar,1
20230330,2023-03-30,2023,Q1,3,March,13,30,Thursday,False,Mar-2023,89,5,False,False,False,False,Mar,1
20230331,2023-03-31,2023,Q1,3,March,13,31,Friday,False,Mar-2023,90,5,False,True,False,True,Mar,1
20230401,2023-04-01,2023,Q2,4,April,13,1,Saturday,True,Apr-2023,91,1,True,False,True,False,Apr,2
20230402,2023-04-02,2023,Q2,4,April,13,2,Sunday,True,Apr-2023,92,1,False,False,False,False,Apr,2
20230403,2023-04-03,2023,Q2,4,April,14,3,Monday,False,Apr-2023,93,1,False,False,False,False,Apr,2
20230404,2023-04-04,2023,Q2,4,April,14,4,Tuesday,False,Apr-2023,94,1,False,False,False,False,Apr,2
20230405,2023-04-05,2023,Q2,4,April,14,5,Wednesday,False,Apr-2023,95,1,False,False,False,False,Apr,2
20230406,2023-04-06,2023,Q2,4,April,14,6,Thursday,False,Apr-2023,96,1,False,False,False,False,Apr,2
20230407,2023-04-07,2023,Q2,4,April,14,7,Friday,False,Apr-2023,97,1,False,False,False,False,Apr,2
20230408,2023-04-08,2023,Q2,4,April,14,8,Saturday,True,Apr-2023,98,2,False,False,False,False,Apr,2
20230409,2023-04-09,2023,Q2,4,April,14,9,Sunday,True,Apr-2023,99,2,False,False,False,False,Apr,2
20230410,2023-04-10,2023,Q2,4,April,15,10,Monday,False,Apr-2023,100,2,False,False,False,False,Apr,2
20230411,2023-04-11,2023,Q2,4,April,15,11,Tuesday,False,Apr-2023,101,2,False,False,False,False,Apr,2
20230412,2023-04-12,2023,Q2,4,April,15,12,Wednesday,False,Apr-2023,102,2,False,False,False,False,Apr,2
20230413,2023-04-13,2023,Q2,4,April,15,13,Thursday,False,Apr-2023,103,2,False,False,False,False,Apr,2
20230414,2023-04-14,2023,Q2,4,April,15,14,Friday,False,Apr-2023,104,2,False,False,False,False,Apr,2
20230415,2023-04-15,2023,Q2,4,April,15,15,Saturday,True,Apr-2023,105,3,False,False,False,False,Apr,2
20230416,2023-04-16,2023,Q2,4,April,15,16,Sunday,True,Apr-2023,106,3,False,False,False,False,Apr,2
20230417,2023-04-17,2023,Q2,4,April,16,17,Monday,False,Apr-2023,107,3,False,False,False,False,Apr,2
20230418,2023-04-18,2023,Q2,4,April,16,18,Tuesday,False,Apr-2023,108,3,False,False,False,False,Apr,2
20230419,2023-04-19,2023,Q2,4,April,16,19,Wednesday,False,Apr-2023,109,3,False,False,False,False,Apr,2
20230420,2023-04-20,2023,Q2,4,April,16,20,Thursday,False,Apr-2023,110,3,False,False,False,False,Apr,2
20230421,2023-04-21,2023,Q2,4,April,16,21,Friday,False,Apr-2023,111,3,False,False,False,False,Apr,2
20230422,2023-04-22,2023,Q2,4,April,16,22,Saturday,True,Apr-2023,112,4,False,False,False,False,Apr,2
20230423,2023-04-23,2023,Q2,4,April,16,23,Sunday,True,Apr-2023,113,4,False,False,False,False,Apr,2
20230424,2023-04-24,2023,Q2,4,April,17,24,Monday,False,Apr-2023,114,4,False,False,False,False,Apr,2
20230425,2023-04-25,2023,Q2,4,April,17,25,Tuesday,False,Apr-2023,115,4,False,False,False,False,Apr,2
20230426,2023-04-26,2023,Q2,4,April,17,26,Wednesday,False,Apr-2023,116,4,False,False,False,False,Apr,2
20230427,2023-04-27,2023,Q2,4,April,17,27,Thursday,False,Apr-2023,117,4,False,False,False,False,Apr,2
20230428,2023-04-28,2023,Q2,4,April,17,28,Friday,False,Apr-2023,118,4,False,False,False,False,Apr,2
20230429,2023-04-29,2023,Q2,4,April,17,29,Saturday,True,Apr-2023,119,5,False,False,False,False,Apr,2
20230430,2023-04-30,2023,Q2,4,April,17,30,Sunday,True,Apr-2023,120,5,False,True,False,False,Apr,2
20230501,2023-05-01,2023,Q2,5,May,18,1,Monday,False,May-2023,121,1,True,False,False,False,May,2
20230502,2023-05-02,2023,Q2,5,May,18,2,Tuesday,False,May-2023,122,1,False,False,False,False,May,2
20230503,2023-05-03,2023,Q2,5,May,18,3,Wednesday,False,May-2023,123,1,False,False,False,False,May,2
20230504,2023-05-04,2023,Q2,5,May,18,4,Thursday,False,May-2023,124,1,False,False,False,False,May,2
20230505,2023-05-05,2023,Q2,5,May,18,5,Friday,False,May-2023,125,1,False,False,False,False,May,2
20230506,2023-05-06,2023,Q2,5,May,18,6,Saturday,True,May-2023,126,1,False,False,False,False,May,2
20230507,2023-05-07,2023,Q2,5,May,18,7,Sunday,True,May-2023,127,1,False,False,False,False,May,2
20230508,2023-05-08,2023,Q2,5,May,19,8,Monday,False,May-2023,128,2,False,False,False,False,May,2
20230509,2023-05-09,2023,Q2,5,May,19,9,Tuesday,False,May-2023,129,2,False,False,False,False,May,2
20230510,2023-05-10,2023,Q2,5,May,19,10,Wednesday,False,May-2023,130,2,False,False,False,False,May,2
20230511,2023-05-11,2023,Q2,5,May,19,11,Thursday,False,May-2023,131,2,False,False,False,False,May,2
20230512,2023-05-12,2023,Q2,5,May,19,12,Friday,False,May-2023,132,2,False,False,False,False,May,2
20230513,2023-05-13,2023,Q2,5,May,19,13,Saturday,True,May-2023,133,2,False,False,False,False,May,2
20230514,2023-05-14,2023,Q2,5,May,19,14,Sunday,True,May-2023,134,2,False,False,False,False,May,2
20230515,2023-05-15,2023,Q2,5,May,20,15,Monday,False,May-2023,135,3,False,False,False,False,May,2
20230516,2023-05-16,2023,Q2,5,May,20,16,Tuesday,False,May-2023,136,3,False,False,False,False,May,2
20230517,2023-05-17,2023,Q2,5,May,20,17,Wednesday,False,May-2023,137,3,False,False,False,False,May,2
20230518,2023-05-18,2023,Q2,5,May,20,18,Thursday,False,May-2023,138,3,False,False,False,False,May,2
20230519,2023-05-19,2023,Q2,5,May,20,19,Friday,False,May-2023,139,3,False,False,False,False,May,2
20230520,2023-05-20,2023,Q2,5,May,20,20,Saturday,True,May-2023,140,3,False,False,False,False,May,2
20230521,2023-05-21,2023,Q2,5,May,20,21,Sunday,True,May-2023,141,3,False,False,False,False,May,2
20230522,2023-05-22,2023,Q2,5,May,21,22,Monday,False,May-2023,142,4,False,False,False,False,May,2
20230523,2023-05-23,2023,Q2,5,May,21,23,Tuesday,False,May-2023,143,4,False,False,False,False,May,2
20230524,2023-05-24,2023,Q2,5,May,21,24,Wednesday,False,May-2023,144,4,False,False,False,False,May,2
20230525,2023-05-25,2023,Q2,5,May,21,25,Thursday,False,May-2023,145,4,False,False,False,False,May,2
20230526,2023-05-26,2023,Q2,5,May,21,26,Friday,False,May-2023,146,4,False,False,False,False,May,2
20230527,2023-05-27,2023,Q2,5,May,21,27,Saturday,True,May-2023,147,4,False,False,False,False,May,2
20230528,2023-05-28,2023,Q2,5,May,21,28,Sunday,True,May-2023,148,4,False,False,False,False,May,2
20230529,2023-05-29,2023,Q2,5,May,22,29,Monday,False,May-2023,149,5,False,False,False,False,May,2
20230530,2023-05-30,2023,Q2,5,May,22,30,Tuesday,False,May-2023,150,5,False,False,False,False,May,2
20230531,2023-05-31,2023,Q2,5,May,22,31,Wednesday,False,May-2023,151,5,False,True,False,False,May,2
20230601,2023-06-01,2023,Q2,6,June,22,1,Thursday,False,Jun-2023,152,1,True,False,False,False,Jun,2
20230602,2023-06-02,2023,Q2,6,June,22,2,Friday,False,Jun-2023,153,1,False,False,False,False,Jun,2
20230603,2023-06-03,2023,Q2,6,June,22,3,Saturday,True,Jun-2023,154,1,False,False,False,False,Jun,2
20230604,2023-06-04,2023,Q2,6,June,22,4,Sunday,True,Jun-2023,155,1,False,False,False,False,Jun,2
20230605,2023-06-05,2023,Q2,6,June,23,5,Monday,False,Jun-2023,156,1,False,False,False,False,Jun,2
20230606,2023-06-06,2023,Q2,6,June,23,6,Tuesday,False,Jun-2023,157,1,False,False,False,False,Jun,2
20230607,2023-06-07,2023,Q2,6,June,23,7,Wednesday,False,Jun-2023,158,1,False,False,False,False,Jun,2
20230608,2023-06-08,2023,Q2,6,June,23,8,Thursday,False,Jun-2023,159,2,False,False,False,False,Jun,2
20230609,2023-06-09,2023,Q2,6,June,23,9,Friday,False,Jun-2023,160,2,False,False,False,False,Jun,2
20230610,2023-06-10,2023,Q2,6,June,23,10,Saturday,True,Jun-2023,161,2,False,False,False,False,Jun,2
20230611,2023-06-11,2023,Q2,6,June,23,11,Sunday,True,Jun-2023,162,2,False,False,False,False,Jun,2
20230612,2023-06-12,2023,Q2,6,June,24,12,Monday,False,Jun-2023,163,2,False,False,False,False,Jun,2
20230613,2023-06-13,2023,Q2,6,June,24,13,Tuesday,False,Jun-2023,164,2,False,False,False,False,Jun,2
20230614,2023-06-14,2023,Q2,6,June,24,14,Wednesday,False,Jun-2023,165,2,False,False,False,False,Jun,2
20230615,2023-06-15,2023,Q2,6,June,24,15,Thursday,False,Jun-2023,166,3,False,False,False,False,Jun,2
20230616,2023-06-16,2023,Q2,6,June,24,16,Friday,False,Jun-2023,167,3,False,False,False,False,Jun,2
20230617,2023-06-17,2023,Q2,6,June,24,17,Saturday,True,Jun-2023,168,3,False,False,False,False,Jun,2
20230618,2023-06-18,2023,Q2,6,June,24,18,Sunday,True,Jun-2023,169,3,False,False,False,False,Jun,2
20230619,2023-06-19,2023,Q2,6,June,25,19,Monday,False,Jun-2023,170,3,False,False,False,False,Jun,2
20230620,2023-06-20,2023,Q2,6,June,25,20,Tuesday,False,Jun-2023,171,3,False,False,False,False,Jun,2
20230621,2023-06-21,2023,Q2,6,June,25,21,Wednesday,False,Jun-2023,172,3,False,False,False,False,Jun,2
20230622,2023-06-22,2023,Q2,6,June,25,22,Thursday,False,Jun-2023,173,4,False,False,False,False,Jun,2
20230623,2023-06-23,2023,Q2,6,June,25,23,Friday,False,Jun-2023,174,4,False,False,False,False,Jun,2
20230624,2023-06-24,2023,Q2,6,June,25,24,Saturday,True,Jun-2023,175,4,False,False,False,False,Jun,2
20230625,2023-06-25,2023,Q2,6,June,25,25,Sunday,True,Jun-2023,176,4,False,False,False,False,Jun,2
20230626,2023-06-26,2023,Q2,6,June,26,26,Monday,False,Jun-2023,177,4,False,False,False,False,Jun,2
20230627,2023-06-27,2023,Q2,6,June,26,27,Tuesday,False,Jun-2023,178,4,False,False,False,False,Jun,2
20230628,2023-06-28,2023,Q2,6,June,26,28,Wednesday,False,Jun-2023,179,4,False,False,False,False,Jun,2
20230629,2023-06-29,2023,Q2,6,June,26,29,Thursday,False,Jun-2023,180,5,False,False,False,False,Jun,2
20230630,2023-06-30,2023,Q2,6,June,26,30,Friday,False,Jun-2023,181,5,False,True,False,True,Jun,2
20230701,2023-07-01,2023,Q3,7,July,26,1,Saturday,True,Jul-2023,182,1,True,False,True,False,Jul,3
20230702,2023-07-02,2023,Q3,7,July,26,2,Sunday,True,Jul-2023,183,1,False,False,False,False,Jul,3
20230703,2023-07-03,2023,Q3,7,July,27,3,Monday,False,Jul-2023,184,1,False,False,False,False,Jul,3
20230704,2023-07-04,2023,Q3,7,July,27,4,Tuesday,False,Jul-2023,185,1,False,False,False,False,Jul,3
20230705,2023-07-05,2023,Q3,7,July,27,5,Wednesday,False,Jul-2023,186,1,False,False,False,False,Jul,3
20230706,2023-07-06,2023,Q3,7,July,27,6,Thursday,False,Jul-2023,187,1,False,False,False,False,Jul,3
20230707,2023-07-07,2023,Q3,7,July,27,7,Friday,False,Jul-2023,188,1,False,False,False,False,Jul,3
20230708,2023-07-08,2023,Q3,7,July,27,8,Saturday,True,Jul-2023,189,2,False,False,False,False,Jul,3
20230709,2023-07-09,2023,Q3,7,July,27,9,Sunday,True,Jul-2023,190,2,False,False,False,False,Jul,3
20230710,2023-07-10,2023,Q3,7,July,28,10,Monday,False,Jul-2023,191,2,False,False,False,False,Jul,3
20230711,2023-07-11,2023,Q3,7,July,28,11,Tuesday,False,Jul-2023,192,2,False,False,False,False,Jul,3
20230712,2023-07-12,2023,Q3,7,July,28,12,Wednesday,False,Jul-2023,193,2,False,False,False,False,Jul,3
20230713,2023-07-13,2023,Q3,7,July,28,13,Thursday,False,Jul-2023,194,2,False,False,False,False,Jul,3
20230714,2023-07-14,2023,Q3,7,July,28,14,Friday,False,Jul-2023,195,2,False,False,False,False,Jul,3
20230715,2023-07-15,2023,Q3,7,July,28,15,Saturday,True,Jul-2023,196,3,False,False,False,False,Jul,3
20230716,2023-07-16,2023,Q3,7,July,28,16,Sunday,True,Jul-2023,197,3,False,False,False,False,Jul,3
20230717,2023-07-17,2023,Q3,7,July,29,17,Monday,False,Jul-2023,198,3,False,False,False,False,Jul,3
20230718,2023-07-18,2023,Q3,7,July,29,18,Tuesday,False,Jul-2023,199,3,False,False,False,False,Jul,3
20230719,2023-07-19,2023,Q3,7,July,29,19,Wednesday,False,Jul-2023,200,3,False,False,False,False,Jul,3
20230720,2023-07-20,2023,Q3,7,July,29,20,Thursday,False,Jul-2023,201,3,False,False,False,False,Jul,3
20230721,2023-07-21,2023,Q3,7,July,29,21,Friday,False,Jul-2023,202,3,False,False,False,False,Jul,3
20230722,2023-07-22,2023,Q3,7,July,29,22,Saturday,True,Jul-2023,203,4,False,False,False,False,Jul,3
20230723,2023-07-23,2023,Q3,7,July,29,23,Sunday,True,Jul-2023,204,4,False,False,False,False,Jul,3
20230724,2023-07-24,2023,Q3,7,July,30,24,Monday,False,Jul-2023,205,4,False,False,False,False,Jul,3
20230725,2023-07-25,2023,Q3,7,July,30,25,Tuesday,False,Jul-2023,206,4,False,False,False,False,Jul,3
20230726,2023-07-26,2023,Q3,7,July,30,26,Wednesday,False,Jul-2023,207,4,False,False,False,False,Jul,3
20230727,2023-07-27,2023,Q3,7,July,30,27,Thursday,False,Jul-2023,208,4,False,False,False,False,Jul,3
20230728,2023-07-28,2023,Q3,7,July,30,28,Friday,False,Jul-2023,209,4,False,False,False,False,Jul,3
20230729,2023-07-29,2023,Q3,7,July,30,29,Saturday,True,Jul-2023,210,5,False,False,False,False,Jul,3
20230730,2023-07-30,2023,Q3,7,July,30,30,Sunday,True,Jul-2023,211,5,False,False,False,False,Jul,3
20230731,2023-07-31,2023,Q3,7,July,31,31,Monday,False,Jul-2023,212,5,False,True,False,False,Jul,3
20230801,2023-08-01,2023,Q3,8,August,31,1,Tuesday,False,Aug-2023,213,1,True,False,False,False,Aug,3
20230802,2023-08-02,2023,Q3,8,August,31,2,Wednesday,False,Aug-2023,214,1,False,False,False,False,Aug,3
20230803,2023-08-03,2023,Q3,8,August,31,3,Thursday,False,Aug-2023,215,1,False,False,False,False,Aug,3
20230804,2023-08-04,2023,Q3,8,August,31,4,Friday,False,Aug-2023,216,1,False,False,False,False,Aug,3
20230805,2023-08-05,2023,Q3,8,August,31,5,Saturday,True,Aug-2023,217,1,False,False,False,False,Aug,3
20230806,2023-08-06,2023,Q3,8,August,31,6,Sunday,True,Aug-2023,218,1,False,False,False,False,Aug,3
20230807,2023-08-07,2023,Q3,8,August,32,7,Monday,False,Aug-2023,219,1,False,False,False,False,Aug,3
20230808,2023-08-08,2023,Q3,8,August,32,8,Tuesday,False,Aug-2023,220,2,False,False,False,False,Aug,3
20230809,2023-08-09,2023,Q3,8,August,32,9,Wednesday,False,Aug-2023,221,2,False,False,False,False,Aug,3
20230810,2023-08-10,2023,Q3,8,August,32,10,Thursday,False,Aug-2023,222,2,False,False,False,False,Aug,3
20230811,2023-08-11,2023,Q3,8,August,32,11,Friday,False,Aug-2023,223,2,False,False,False,False,Aug,3
20230812,2023-08-12,2023,Q3,8,August,32,12,Saturday,True,Aug-2023,224,2,False,False,False,False,Aug,3
20230813,2023-08-13,2023,Q3,8,August,32,13,Sunday,True,Aug-2023,225,2,False,False,False,False,Aug,3
20230814,2023-08-14,2023,Q3,8,August,33,14,Monday,False,Aug-2023,226,2,False,False,False,False,Aug,3
20230815,2023-08-15,2023,Q3,8,August,33,15,Tuesday,False,Aug-2023,227,3,False,False,False,False,Aug,3
20230816,2023-08-16,2023,Q3,8,August,33,16,Wednesday,False,Aug-2023,228,3,False,False,False,False,Aug,3
20230817,2023-08-17,2023,Q3,8,August,33,17,Thursday,False,Aug-2023,229,3,False,False,False,False,Aug,3
20230818,2023-08-18,2023,Q3,8,August,33,18,Friday,False,Aug-2023,230,3,False,False,False,False,Aug,3
20230819,2023-08-19,2023,Q3,8,August,33,19,Saturday,True,Aug-2023,231,3,False,False,False,False,Aug,3
20230820,2023-08-20,2023,Q3,8,August,33,20,Sunday,True,Aug-2023,232,3,False,False,False,False,Aug,3
20230821,2023-08-21,2023,Q3,8,August,34,21,Monday,False,Aug-2023,233,3,False,False,False,False,Aug,3
20230822,2023-08-22,2023,Q3,8,August,34,22,Tuesday,False,Aug-2023,234,4,False,False,False,False,Aug,3
20230823,2023-08-23,2023,Q3,8,August,34,23,Wednesday,False,Aug-2023,235,4,False,False,False,False,Aug,3
20230824,2023-08-24,2023,Q3,8,August,34,24,Thursday,False,Aug-2023,236,4,False,False,False,False,Aug,3
20230825,2023-08-25,2023,Q3,8,August,34,25,Friday,False,Aug-2023,237,4,False,False,False,False,Aug,3
20230826,2023-08-26,2023,Q3,8,August,34,26,Saturday,True,Aug-2023,238,4,False,False,False,False,Aug,3
20230827,2023-08-27,2023,Q3,8,August,34,27,Sunday,True,Aug-2023,239,4,False,False,False,False,Aug,3
20230828,2023-08-28,2023,Q3,8,August,35,28,Monday,False,Aug-2023,240,4,False,False,False,False,Aug,3
20230829,2023-08-29,2023,Q3,8,August,35,29,Tuesday,False,Aug-2023,241,5,False,False,False,False,Aug,3
20230830,2023-08-30,2023,Q3,8,August,35,30,Wednesday,False,Aug-2023,242,5,False,False,False,False,Aug,3
20230831,2023-08-31,2023,Q3,8,August,35,31,Thursday,False,Aug-2023,243,5,False,True,False,False,Aug,3
20230901,2023-09-01,2023,Q3,9,September,35,1,Friday,False,Sep-2023,244,1,True,False,False,False,Sep,3
20230902,2023-09-02,2023,Q3,9,September,35,2,Saturday,True,Sep-2023,245,1,False,False,False,False,Sep,3
20230903,2023-09-03,2023,Q3,9,September,35,3,Sunday,True,Sep-2023,246,1,False,False,False,False,Sep,3
20230904,2023-09-04,2023,Q3,9,September,36,4,Monday,False,Sep-2023,247,1,False,False,False,False,Sep,3
20230905,2023-09-05,2023,Q3,9,September,36,5,Tuesday,False,Sep-2023,248,1,False,False,False,False,Sep,3
20230906,2023-09-06,2023,Q3,9,September,36,6,Wednesday,False,Sep-2023,249,1,False,False,False,False,Sep,3
20230907,2023-09-07,2023,Q3,9,September,36,7,Thursday,False,Sep-2023,250,1,False,False,False,False,Sep,3
20230908,2023-09-08,2023,Q3,9,September,36,8,Friday,False,Sep-2023,251,2,False,False,False,False,Sep,3
20230909,2023-09-09,2023,Q3,9,September,36,9,Saturday,True,Sep-2023,252,2,False,False,False,False,Sep,3
20230910,2023-09-10,2023,Q3,9,September,36,10,Sunday,True,Sep-2023,253,2,False,False,False,False,Sep,3
20230911,2023-09-11,2023,Q3,9,September,37,11,Monday,False,Sep-2023,254,2,False,False,False,False,Sep,3
20230912,2023-09-12,2023,Q3,9,September,37,12,Tuesday,False,Sep-2023,255,2,False,False,False,False,Sep,3
20230913,2023-09-13,2023,Q3,9,September,37,13,Wednesday,False,Sep-2023,256,2,False,False,False,False,Sep,3
20230914,2023-09-14,2023,Q3,9,September,37,14,Thursday,False,Sep-2023,257,2,False,False,False,False,Sep,3
20230915,2023-09-15,2023,Q3,9,September,37,15,Friday,False,Sep-2023,258,3,False,False,False,False,Sep,3
20230916,2023-09-16,2023,Q3,9,September,37,16,Saturday,True,Sep-2023,259,3,False,False,False,False,Sep,3
20230917,2023-09-17,2023,Q3,9,September,37,17,Sunday,True,Sep-2023,260,3,False,False,False,False,Sep,3
20230918,2023-09-18,2023,Q3,9,September,38,18,Monday,False,Sep-2023,261,3,False,False,False,False,Sep,3
20230919,2023-09-19,2023,Q3,9,September,38,19,Tuesday,False,Sep-2023,262,3,False,False,False,False,Sep,3
20230920,2023-09-20,2023,Q3,9,September,38,20,Wednesday,False,Sep-2023,263,3,False,False,False,False,Sep,3
20230921,2023-09-21,2023,Q3,9,September,38,21,Thursday,False,Sep-2023,264,3,False,False,False,False,Sep,3
20230922,2023-09-22,2023,Q3,9,September,38,22,Friday,False,Sep-2023,265,4,False,False,False,False,Sep,3
20230923,2023-09-23,2023,Q3,9,September,38,23,Saturday,True,Sep-2023,266,4,False,False,False,False,Sep,3
20230924,2023-09-24,2023,Q3,9,September,38,24,Sunday,True,Sep-2023,267,4,False,False,False,False,Sep,3
20230925,2023-09-25,2023,Q3,9,September,39,25,Monday,False,Sep-2023,268,4,False,False,False,False,Sep,3
20230926,2023-09-26,2023,Q3,9,September,39,26,Tuesday,False,Sep-2023,269,4,False,False,False,False,Sep,3
20230927,2023-09-27,2023,Q3,9,September,39,27,Wednesday,False,Sep-2023,270,4,False,False,False,False,Sep,3
20230928,2023-09-28,2023,Q3,9,September,39,28,Thursday,False,Sep-2023,271,4,False,False,False,False,Sep,3
20230929,2023-09-29,2023,Q3,9,September,39,29,Friday,False,Sep-2023,272,5,False,False,False,False,Sep,3
20230930,2023-09-30,2023,Q3,9,September,39,30,Saturday,True,Sep-2023,273,5,False,True,False,True,Sep,3
20231001,2023-10-01,2023,Q4,10,October,39,1,Sunday,True,Oct-2023,274,1,True,False,True,False,Oct,4
20231002,2023-10-02,2023,Q4,10,October,40,2,Monday,False,Oct-2023,275,1,False,False,False,False,Oct,4
20231003,2023-10-03,2023,Q4,10,October,40,3,Tuesday,False,Oct-2023,276,1,False,False,False,False,Oct,4
20231004,2023-10-04,2023,Q4,10,October,40,4,Wednesday,False,Oct-2023,277,1,False,False,False,False,Oct,4
20231005,2023-10-05,2023,Q4,10,October,40,5,Thursday,False,Oct-2023,278,1,False,False,False,False,Oct,4
20231006,2023-10-06,2023,Q4,10,October,40,6,Friday,False,Oct-2023,279,1,False,False,False,False,Oct,4
20231007,2023-10-07,2023,Q4,10,October,40,7,Saturday,True,Oct-2023,280,1,False,False,False,False,Oct,4
20231008,2023-10-08,2023,Q4,10,October,40,8,Sunday,True,Oct-2023,281,2,False,False,False,False,Oct,4
20231009,2023-10-09,2023,Q4,10,October,41,9,Monday,False,Oct-2023,282,2,False,False,False,False,Oct,4
20231010,2023-10-10,2023,Q4,10,October,41,10,Tuesday,False,Oct-2023,283,2,False,False,False,False,Oct,4
20231011,2023-10-11,2023,Q4,10,October,41,11,Wednesday,False,Oct-2023,284,2,False,False,False,False,Oct,4
20231012,2023-10-12,2023,Q4,10,October,41,12,Thursday,False,Oct-2023,285,2,False,False,False,False,Oct,4
20231013,2023-10-13,2023,Q4,10,October,41,13,Friday,False,Oct-2023,286,2,False,False,False,False,Oct,4
20231014,2023-10-14,2023,Q4,10,October,41,14,Saturday,True,Oct-2023,287,2,False,False,False,False,Oct,4
20231015,2023-10-15,2023,Q4,10,October,41,15,Sunday,True,Oct-2023,288,3,False,False,False,False,Oct,4
20231016,2023-10-16,2023,Q4,10,October,42,16,Monday,False,Oct-2023,289,3,False,False,False,False,Oct,4
20231017,2023-10-17,2023,Q4,10,October,42,17,Tuesday,False,Oct-2023,290,3,False,False,False,False,Oct,4
20231018,2023-10-18,2023,Q4,10,October,42,18,Wednesday,False,Oct-2023,291,3,False,False,False,False,Oct,4
20231019,2023-10-19,2023,Q4,10,October,42,19,Thursday,False,Oct-2023,292,3,False,False,False,False,Oct,4
20231020,2023-10-20,2023,Q4,10,October,42,20,Friday,False,Oct-2023,293,3,False,False,False,False,Oct,4
20231021,2023-10-21,2023,Q4,10,October,42,21,Saturday,True,Oct-2023,294,3,False,False,False,False,Oct,4
20231022,2023-10-22,2023,Q4,10,October,42,22,Sunday,True,Oct-2023,295,4,False,False,False,False,Oct,4
20231023,2023-10-23,2023,Q4,10,October,43,23,Monday,False,Oct-2023,296,4,False,False,False,False,Oct,4
20231024,2023-10-24,2023,Q4,10,October,43,24,Tuesday,False,Oct-2023,297,4,False,False,False,False,Oct,4
20231025,2023-10-25,2023,Q4,10,October,43,25,Wednesday,False,Oct-2023,298,4,False,False,False,False,Oct,4
20231026,2023-10-26,2023,Q4,10,October,43,26,Thursday,False,Oct-2023,299,4,False,False,False,False,Oct,4
20231027,2023-10-27,2023,Q4,10,October,43,27,Friday,False,Oct-2023,300,4,False,False,False,False,Oct,4
20231028,2023-10-28,2023,Q4,10,October,43,28,Saturday,True,Oct-2023,301,4,False,False,False,False,Oct,4
20231029,2023-10-29,2023,Q4,10,October,43,29,Sunday,True,Oct-2023,302,5,False,False,False,False,Oct,4
20231030,2023-10-30,2023,Q4,10,October,44,30,Monday,False,Oct-2023,303,5,False,False,False,False,Oct,4
20231031,2023-10-31,2023,Q4,10,October,44,31,Tuesday,False,Oct-2023,304,5,False,True,False,False,Oct,4
20231101,2023-11-01,2023,Q4,11,November,44,1,Wednesday,False,Nov-2023,305,1,True,False,False,False,Nov,4
20231102,2023-11-02,2023,Q4,11,November,44,2,Thursday,False,Nov-2023,306,1,False,False,False,False,Nov,4
20231103,2023-11-03,2023,Q4,11,November,44,3,Friday,False,Nov-2023,307,1,False,False,False,False,Nov,4
20231104,2023-11-04,2023,Q4,11,November,44,4,Saturday,True,Nov-2023,308,1,False,False,False,False,Nov,4
20231105,2023-11-05,2023,Q4,11,November,44,5,Sunday,True,Nov-2023,309,1,False,False,False,False,Nov,4
20231106,2023-11-06,2023,Q4,11,November,45,6,Monday,False,Nov-2023,310,1,False,False,False,False,Nov,4
20231107,2023-11-07,2023,Q4,11,November,45,7,Tuesday,False,Nov-2023,311,1,False,False,False,False,Nov,4
20231108,2023-11-08,2023,Q4,11,November,45,8,Wednesday,False,Nov-2023,312,2,False,False,False,False,Nov,4
20231109,2023-11-09,2023,Q4,11,November,45,9,Thursday,False,Nov-2023,313,2,False,False,False,False,Nov,4
20231110,2023-11-10,2023,Q4,11,November,45,10,Friday,False,Nov-2023,314,2,False,False,False,False,Nov,4
20231111,2023-11-11,2023,Q4,11,November,45,11,Saturday,True,Nov-2023,315,2,False,False,False,False,Nov,4
20231112,2023-11-12,2023,Q4,11,November,45,12,Sunday,True,Nov-2023,316,2,False,False,False,False,Nov,4
20231113,2023-11-13,2023,Q4,11,November,46,13,Monday,False,Nov-2023,317,2,False,False,False,False,Nov,4
20231114,2023-11-14,2023,Q4,11,November,46,14,Tuesday,False,Nov-2023,318,2,False,False,False,False,Nov,4
20231115,2023-11-15,2023,Q4,11,November,46,15,Wednesday,False,Nov-2023,319,3,False,False,False,False,Nov,4
20231116,2023-11-16,2023,Q4,11,November,46,16,Thursday,False,Nov-2023,320,3,False,False,False,False,Nov,4
20231117,2023-11-17,2023,Q4,11,November,46,17,Friday,False,Nov-2023,321,3,False,False,False,False,Nov,4
20231118,2023-11-18,2023,Q4,11,November,46,18,Saturday,True,Nov-2023,322,3,False,False,False,False,Nov,4
20231119,2023-11-19,2023,Q4,11,November,46,19,Sunday,True,Nov-2023,323,3,False,False,False,False,Nov,4
20231120,2023-11-20,2023,Q4,11,November,47,20,Monday,False,Nov-2023,324,3,False,False,False,False,Nov,4
20231121,2023-11-21,2023,Q4,11,November,47,21,Tuesday,False,Nov-2023,325,3,False,False,False,False,Nov,4
20231122,2023-11-22,2023,Q4,11,November,47,22,Wednesday,False,Nov-2023,326,4,False,False,False,False,Nov,4
20231123,2023-11-23,2023,Q4,11,November,47,23,Thursday,False,Nov-2023,327,4,False,False,False,False,Nov,4
20231124,2023-11-24,2023,Q4,11,November,47,24,Friday,False,Nov-2023,328,4,False,False,False,False,Nov,4
20231125,2023-11-25,2023,Q4,11,November,47,25,Saturday,True,Nov-2023,329,4,False,False,False,False,Nov,4
20231126,2023-11-26,2023,Q4,11,November,47,26,Sunday,True,Nov-2023,330,4,False,False,False,False,Nov,4
20231127,2023-11-27,2023,Q4,11,November,48,27,Monday,False,Nov-2023,331,4,False,False,False,False,Nov,4
20231128,2023-11-28,2023,Q4,11,November,48,28,Tuesday,False,Nov-2023,332,4,False,False,False,False,Nov,4
20231129,2023-11-29,2023,Q4,11,November,48,29,Wednesday,False,Nov-2023,333,5,False,False,False,False,Nov,4
20231130,2023-11-30,2023,Q4,11,November,48,30,Thursday,False,Nov-2023,334,5,False,True,False,False,Nov,4
20231201,2023-12-01,2023,Q4,12,December,48,1,Friday,False,Dec-2023,335,1,True,False,False,False,Dec,4
20231202,2023-12-02,2023,Q4,12,December,48,2,Saturday,True,Dec-2023,336,1,False,False,False,False,Dec,4
20231203,2023-12-03,2023,Q4,12,December,48,3,Sunday,True,Dec-2023,337,1,False,False,False,False,Dec,4
20231204,2023-12-04,2023,Q4,12,December,49,4,Monday,False,Dec-2023,338,1,False,False,False,False,Dec,4
20231205,2023-12-05,2023,Q4,12,December,49,5,Tuesday,False,Dec-2023,339,1,False,False,False,False,Dec,4
20231206,2023-12-06,2023,Q4,12,December,49,6,Wednesday,False,Dec-2023,340,1,False,False,False,False,Dec,4
20231207,2023-12-07,2023,Q4,12,December,49,7,Thursday,False,Dec-2023,341,1,False,False,False,False,Dec,4
20231208,2023-12-08,2023,Q4,12,December,49,8,Friday,False,Dec-2023,342,2,False,False,False,False,Dec,4
20231209,2023-12-09,2023,Q4,12,December,49,9,Saturday,True,Dec-2023,343,2,False,False,False,False,Dec,4
20231210,2023-12-10,2023,Q4,12,December,49,10,Sunday,True,Dec-2023,344,2,False,False,False,False,Dec,4
20231211,2023-12-11,2023,Q4,12,December,50,11,Monday,False,Dec-2023,345,2,False,False,False,False,Dec,4
20231212,2023-12-12,2023,Q4,12,December,50,12,Tuesday,False,Dec-2023,346,2,False,False,False,False,Dec,4
20231213,2023-12-13,2023,Q4,12,December,50,13,Wednesday,False,Dec-2023,347,2,False,False,False,False,Dec,4
20231214,2023-12-14,2023,Q4,12,December,50,14,Thursday,False,Dec-2023,348,2,False,False,False,False,Dec,4
20231215,2023-12-15,2023,Q4,12,December,50,15,Friday,False,Dec-2023,349,3,False,False,False,False,Dec,4
20231216,2023-12-16,2023,Q4,12,December,50,16,Saturday,True,Dec-2023,350,3,False,False,False,False,Dec,4
20231217,2023-12-17,2023,Q4,12,December,50,17,Sunday,True,Dec-2023,351,3,False,False,False,False,Dec,4
20231218,2023-12-18,2023,Q4,12,December,51,18,Monday,False,Dec-2023,352,3,False,False,False,False,Dec,4
20231219,2023-12-19,2023,Q4,12,December,51,19,Tuesday,False,Dec-2023,353,3,False,False,False,False,Dec,4
20231220,2023-12-20,2023,Q4,12,December,51,20,Wednesday,False,Dec-2023,354,3,False,False,False,False,Dec,4
20231221,2023-12-21,2023,Q4,12,December,51,21,Thursday,False,Dec-2023,355,3,False,False,False,False,Dec,4
20231222,2023-12-22,2023,Q4,12,December,51,22,Friday,False,Dec-2023,356,4,False,False,False,False,Dec,4
20231223,2023-12-23,2023,Q4,12,December,51,23,Saturday,True,Dec-2023,357,4,False,False,False,False,Dec,4
20231224,2023-12-24,2023,Q4,12,December,51,24,Sunday,True,Dec-2023,358,4,False,False,False,False,Dec,4
20231225,2023-12-25,2023,Q4,12,December,52,25,Monday,False,Dec-2023,359,4,False,False,False,False,Dec,4
20231226,2023-12-26,2023,Q4,12,December,52,26,Tuesday,False,Dec-2023,360,4,False,False,False,False,Dec,4
20231227,2023-12-27,2023,Q4,12,December,52,27,Wednesday,False,Dec-2023,361,4,False,False,False,False,Dec,4
20231228,2023-12-28,2023,Q4,12,December,52,28,Thursday,False,Dec-2023,362,4,False,False,False,False,Dec,4
20231229,2023-12-29,2023,Q4,12,December,52,29,Friday,False,Dec-2023,363,5,False,False,False,False,Dec,4
20231230,2023-12-30,2023,Q4,12,December,52,30,Saturday,True,Dec-2023,364,5,False,False,False,False,Dec,4
20231231,2023-12-31,2023,Q4,12,December,52,31,Sunday,True,Dec-2023,365,5,False,True,False,True,Dec,4
20240101,2024-01-01,2024,Q1,1,January,1,1,Monday,False,Jan-2024,1,1,True,False,True,False,Jan,1
